,truth,"('num_occur', 'index', 0)","('num_occur', 'score', 0)","('num_occur', 'index', 1)","('num_occur', 'score', 1)","('num_occur', 'index', 2)","('num_occur', 'score', 2)","('num_occur', 'index', 3)","('num_occur', 'score', 3)","('num_occur', 'index', 4)","('num_occur', 'score', 4)","('percentage_of_terms', 'index', 0)","('percentage_of_terms', 'score', 0)","('percentage_of_terms', 'index', 1)","('percentage_of_terms', 'score', 1)","('percentage_of_terms', 'index', 2)","('percentage_of_terms', 'score', 2)","('percentage_of_terms', 'index', 3)","('percentage_of_terms', 'score', 3)","('percentage_of_terms', 'index', 4)","('percentage_of_terms', 'score', 4)","('td-idf', 'index', 0)","('td-idf', 'score', 0)","('td-idf', 'index', 1)","('td-idf', 'score', 1)","('td-idf', 'index', 2)","('td-idf', 'score', 2)","('td-idf', 'index', 3)","('td-idf', 'score', 3)","('td-idf', 'index', 4)","('td-idf', 'score', 4)","('word_order', 'index', 0)","('word_order', 'score', 0)","('word_order', 'index', 1)","('word_order', 'score', 1)","('word_order', 'index', 2)","('word_order', 'score', 2)","('word_order', 'index', 3)","('word_order', 'score', 3)","('word_order', 'index', 4)","('word_order', 'score', 4)"
0,0,26,1142,21,458,10,436,20.0,284.0,11.0,204.0,0,1.0,5,0.8,9,0.6,10.0,0.6,20.0,0.6,0,0.003803941506821382,24,0.0011515488020438789,12,0.0007418410695801634,5.0,0.0004087570809564607,2.0,0.0003471857784770312,0,41,26.0,12.0,14.0,6.0,19.0,4.0,10.0,3.0
1,0,26,1142,21,458,10,436,20.0,284.0,11.0,204.0,0,1.0,5,0.8,9,0.6,10.0,0.6,20.0,0.6,0,0.003803941506821382,24,0.0011515488020438789,12,0.0007418410695801634,5.0,0.0004087570809564607,2.0,0.0003471857784770312,0,41,26.0,12.0,14.0,6.0,19.0,4.0,10.0,3.0
2,0,26,1142,21,458,10,436,20.0,284.0,11.0,204.0,0,1.0,5,0.8,9,0.6,10.0,0.6,20.0,0.6,0,0.003803941506821382,24,0.0011515488020438789,12,0.0007418410695801634,5.0,0.0004087570809564607,2.0,0.0003471857784770312,0,41,26.0,12.0,14.0,6.0,19.0,4.0,10.0,3.0
0,1,22,36,12,20,1,18,2.0,14.0,14.0,10.0,1,0.8,2,0.8,3,0.8,5.0,0.8,7.0,0.8,22,0.03129353076671049,1,0.008066363016238112,12,0.005165585098555677,28.0,0.004372474144669725,18.0,0.004189483901489614,1,9,2.0,9.0,28.0,4.0,12.0,3.0,4.0,2.0
1,1,22,36,12,20,1,18,2.0,14.0,14.0,10.0,1,0.8,2,0.8,3,0.8,5.0,0.8,7.0,0.8,22,0.03129353076671049,1,0.008066363016238112,12,0.005165585098555677,28.0,0.004372474144669725,18.0,0.004189483901489614,1,9,2.0,9.0,28.0,4.0,12.0,3.0,4.0,2.0
2,1,22,36,12,20,1,18,2.0,14.0,14.0,10.0,1,0.8,2,0.8,3,0.8,5.0,0.8,7.0,0.8,22,0.03129353076671049,1,0.008066363016238112,12,0.005165585098555677,28.0,0.004372474144669725,18.0,0.004189483901489614,1,9,2.0,9.0,28.0,4.0,12.0,3.0,4.0,2.0
3,1,22,36,12,20,1,18,2.0,14.0,14.0,10.0,1,0.8,2,0.8,3,0.8,5.0,0.8,7.0,0.8,22,0.03129353076671049,1,0.008066363016238112,12,0.005165585098555677,28.0,0.004372474144669725,18.0,0.004189483901489614,1,9,2.0,9.0,28.0,4.0,12.0,3.0,4.0,2.0
0,2,19,1029,21,458,10,436,11.0,204.0,7.0,103.0,2,1.0,12,1.0,30,1.0,5.0,0.8,18.0,0.8,18,0.005017010568617829,22,0.004163864101365558,4,0.0019152860216710807,3.0,0.001783464716535824,13.0,0.001625519501787264,2,4,13.0,4.0,12.0,3.0,18.0,3.0,22.0,3.0
1,2,19,1029,21,458,10,436,11.0,204.0,7.0,103.0,2,1.0,12,1.0,30,1.0,5.0,0.8,18.0,0.8,18,0.005017010568617829,22,0.004163864101365558,4,0.0019152860216710807,3.0,0.001783464716535824,13.0,0.001625519501787264,2,4,13.0,4.0,12.0,3.0,18.0,3.0,22.0,3.0
2,2,19,1029,21,458,10,436,11.0,204.0,7.0,103.0,2,1.0,12,1.0,30,1.0,5.0,0.8,18.0,0.8,18,0.005017010568617829,22,0.004163864101365558,4,0.0019152860216710807,3.0,0.001783464716535824,13.0,0.001625519501787264,2,4,13.0,4.0,12.0,3.0,18.0,3.0,22.0,3.0
3,2,19,1029,21,458,10,436,11.0,204.0,7.0,103.0,2,1.0,12,1.0,30,1.0,5.0,0.8,18.0,0.8,18,0.005017010568617829,22,0.004163864101365558,4,0.0019152860216710807,3.0,0.001783464716535824,13.0,0.001625519501787264,2,4,13.0,4.0,12.0,3.0,18.0,3.0,22.0,3.0
0,3,2,287,1,114,5,42,28.0,29.0,13.0,11.0,3,1.0,30,1.0,2,0.6,5.0,0.6,16.0,0.6,1,0.039195067632697096,2,0.026616061100782133,28,0.024321287729620576,3.0,0.013800242666441757,13.0,0.010745847829641497,3,4,7.0,1.0,30.0,1.0,1.0,0.0,2.0,0.0
1,3,2,287,1,114,5,42,28.0,29.0,13.0,11.0,3,1.0,30,1.0,2,0.6,5.0,0.6,16.0,0.6,1,0.039195067632697096,2,0.026616061100782133,28,0.024321287729620576,3.0,0.013800242666441757,13.0,0.010745847829641497,3,4,7.0,1.0,30.0,1.0,1.0,0.0,2.0,0.0
2,3,2,287,1,114,5,42,28.0,29.0,13.0,11.0,3,1.0,30,1.0,2,0.6,5.0,0.6,16.0,0.6,1,0.039195067632697096,2,0.026616061100782133,28,0.024321287729620576,3.0,0.013800242666441757,13.0,0.010745847829641497,3,4,7.0,1.0,30.0,1.0,1.0,0.0,2.0,0.0
3,3,2,287,1,114,5,42,28.0,29.0,13.0,11.0,3,1.0,30,1.0,2,0.6,5.0,0.6,16.0,0.6,1,0.039195067632697096,2,0.026616061100782133,28,0.024321287729620576,3.0,0.013800242666441757,13.0,0.010745847829641497,3,4,7.0,1.0,30.0,1.0,1.0,0.0,2.0,0.0
0,4,2,14,12,11,21,7,17.0,5.0,24.0,5.0,4,1.0,5,0.6,0,0.4,1.0,0.4,7.0,0.4,17,0.009374642605360172,4,0.005282757360546009,16,0.0048731317898084835,27.0,0.004020986411612819,30.0,0.0018808578837857302,4,4,0.0,0.0,1.0,0.0,5.0,0.0,7.0,0.0
1,4,2,14,12,11,21,7,17.0,5.0,24.0,5.0,4,1.0,5,0.6,0,0.4,1.0,0.4,7.0,0.4,17,0.009374642605360172,4,0.005282757360546009,16,0.0048731317898084835,27.0,0.004020986411612819,30.0,0.0018808578837857302,4,4,0.0,0.0,1.0,0.0,5.0,0.0,7.0,0.0
2,4,2,14,12,11,21,7,17.0,5.0,24.0,5.0,4,1.0,5,0.6,0,0.4,1.0,0.4,7.0,0.4,17,0.009374642605360172,4,0.005282757360546009,16,0.0048731317898084835,27.0,0.004020986411612819,30.0,0.0018808578837857302,4,4,0.0,0.0,1.0,0.0,5.0,0.0,7.0,0.0
3,4,2,14,12,11,21,7,17.0,5.0,24.0,5.0,4,1.0,5,0.6,0,0.4,1.0,0.4,7.0,0.4,17,0.009374642605360172,4,0.005282757360546009,16,0.0048731317898084835,27.0,0.004020986411612819,30.0,0.0018808578837857302,4,4,0.0,0.0,1.0,0.0,5.0,0.0,7.0,0.0
0,5,14,2418,26,1142,19,1029,21.0,458.0,2.0,446.0,1,0.8,5,0.8,2,0.6,12.0,0.6,0.0,0.4,15,-6.601463130056997e-06,6,-1.2191803777748856e-05,9,-1.468709595680128e-05,8.0,-1.5733103766407616e-05,3.0,-1.6539929600582365e-05,14,10,29.0,6.0,5.0,4.0,21.0,4.0,25.0,4.0
1,5,14,2418,26,1142,19,1029,21.0,458.0,2.0,446.0,1,0.8,5,0.8,2,0.6,12.0,0.6,0.0,0.4,15,-6.601463130056997e-06,6,-1.2191803777748856e-05,9,-1.468709595680128e-05,8.0,-1.5733103766407616e-05,3.0,-1.6539929600582365e-05,14,10,29.0,6.0,5.0,4.0,21.0,4.0,25.0,4.0
2,5,14,2418,26,1142,19,1029,21.0,458.0,2.0,446.0,1,0.8,5,0.8,2,0.6,12.0,0.6,0.0,0.4,15,-6.601463130056997e-06,6,-1.2191803777748856e-05,9,-1.468709595680128e-05,8.0,-1.5733103766407616e-05,3.0,-1.6539929600582365e-05,14,10,29.0,6.0,5.0,4.0,21.0,4.0,25.0,4.0
3,5,14,2418,26,1142,19,1029,21.0,458.0,2.0,446.0,1,0.8,5,0.8,2,0.6,12.0,0.6,0.0,0.4,15,-6.601463130056997e-06,6,-1.2191803777748856e-05,9,-1.468709595680128e-05,8.0,-1.5733103766407616e-05,3.0,-1.6539929600582365e-05,14,10,29.0,6.0,5.0,4.0,21.0,4.0,25.0,4.0
0,6,22,36,7,21,24,21,5.0,18.0,27.0,13.0,1,0.6,2,0.6,5,0.6,6.0,0.6,7.0,0.6,22,0.03129353076671049,6,0.02270699922599735,27,0.021054063252928423,7.0,0.007611764798138771,8.0,0.006043661684236489,7,25,5.0,19.0,6.0,19.0,27.0,18.0,13.0,4.0
1,6,22,36,7,21,24,21,5.0,18.0,27.0,13.0,1,0.6,2,0.6,5,0.6,6.0,0.6,7.0,0.6,22,0.03129353076671049,6,0.02270699922599735,27,0.021054063252928423,7.0,0.007611764798138771,8.0,0.006043661684236489,7,25,5.0,19.0,6.0,19.0,27.0,18.0,13.0,4.0
2,6,22,36,7,21,24,21,5.0,18.0,27.0,13.0,1,0.6,2,0.6,5,0.6,6.0,0.6,7.0,0.6,22,0.03129353076671049,6,0.02270699922599735,27,0.021054063252928423,7.0,0.007611764798138771,8.0,0.006043661684236489,7,25,5.0,19.0,6.0,19.0,27.0,18.0,13.0,4.0
3,6,22,36,7,21,24,21,5.0,18.0,27.0,13.0,1,0.6,2,0.6,5,0.6,6.0,0.6,7.0,0.6,22,0.03129353076671049,6,0.02270699922599735,27,0.021054063252928423,7.0,0.007611764798138771,8.0,0.006043661684236489,7,25,5.0,19.0,6.0,19.0,27.0,18.0,13.0,4.0
0,7,19,814,21,351,12,214,11.0,165.0,9.0,145.0,7,1.0,0,0.6,1,0.6,2.0,0.6,4.0,0.6,4,0.003276529307704397,24,0.0008756023324229411,0,0.000788836434862538,7.0,0.0006200782288305085,1.0,0.0004893517797220852,7,7,24.0,3.0,6.0,2.0,1.0,1.0,2.0,1.0
1,7,19,814,21,351,12,214,11.0,165.0,9.0,145.0,7,1.0,0,0.6,1,0.6,2.0,0.6,4.0,0.6,4,0.003276529307704397,24,0.0008756023324229411,0,0.000788836434862538,7.0,0.0006200782288305085,1.0,0.0004893517797220852,7,7,24.0,3.0,6.0,2.0,1.0,1.0,2.0,1.0
2,7,19,814,21,351,12,214,11.0,165.0,9.0,145.0,7,1.0,0,0.6,1,0.6,2.0,0.6,4.0,0.6,4,0.003276529307704397,24,0.0008756023324229411,0,0.000788836434862538,7.0,0.0006200782288305085,1.0,0.0004893517797220852,7,7,24.0,3.0,6.0,2.0,1.0,1.0,2.0,1.0
0,8,22,36,30,31,3,23,24.0,21.0,2.0,20.0,8,1.0,10,0.6,5,0.6,1.0,0.4,2.0,0.4,22,0.03129353076671049,3,0.010630603381613828,11,0.009902723694161165,8.0,0.008341013665896835,30.0,0.0070022738558176605,8,4,3.0,1.0,1.0,0.0,2.0,0.0,5.0,0.0
1,8,22,36,30,31,3,23,24.0,21.0,2.0,20.0,8,1.0,10,0.6,5,0.6,1.0,0.4,2.0,0.4,22,0.03129353076671049,3,0.010630603381613828,11,0.009902723694161165,8.0,0.008341013665896835,30.0,0.0070022738558176605,8,4,3.0,1.0,1.0,0.0,2.0,0.0,5.0,0.0
2,8,22,36,30,31,3,23,24.0,21.0,2.0,20.0,8,1.0,10,0.6,5,0.6,1.0,0.4,2.0,0.4,22,0.03129353076671049,3,0.010630603381613828,11,0.009902723694161165,8.0,0.008341013665896835,30.0,0.0070022738558176605,8,4,3.0,1.0,1.0,0.0,2.0,0.0,5.0,0.0
0,9,2,446,0,385,5,304,12.0,270.0,1.0,166.0,9,1.0,10,1.0,14,1.0,18.0,1.0,22.0,1.0,18,0.028491282213318102,9,0.013199057880243906,22,0.013136843321707585,19.0,0.011640872243764654,14.0,0.008449391034206298,14,28,26.0,14.0,9.0,9.0,18.0,6.0,22.0,6.0
1,9,2,446,0,385,5,304,12.0,270.0,1.0,166.0,9,1.0,10,1.0,14,1.0,18.0,1.0,22.0,1.0,18,0.028491282213318102,9,0.013199057880243906,22,0.013136843321707585,19.0,0.011640872243764654,14.0,0.008449391034206298,14,28,26.0,14.0,9.0,9.0,18.0,6.0,22.0,6.0
2,9,2,446,0,385,5,304,12.0,270.0,1.0,166.0,9,1.0,10,1.0,14,1.0,18.0,1.0,22.0,1.0,18,0.028491282213318102,9,0.013199057880243906,22,0.013136843321707585,19.0,0.011640872243764654,14.0,0.008449391034206298,14,28,26.0,14.0,9.0,9.0,18.0,6.0,22.0,6.0
0,10,26,258,19,152,21,129,11.0,91.0,0.0,75.0,9,1.0,10,1.0,14,1.0,18.0,0.8,19.0,0.8,9,0.01592928364565821,26,0.0026121508375969893,25,0.0024736417814265528,29.0,0.002001837260615669,11.0,0.001986686797636347,14,65,19.0,50.0,9.0,21.0,10.0,18.0,26.0,13.0
1,10,26,258,19,152,21,129,11.0,91.0,0.0,75.0,9,1.0,10,1.0,14,1.0,18.0,0.8,19.0,0.8,9,0.01592928364565821,26,0.0026121508375969893,25,0.0024736417814265528,29.0,0.002001837260615669,11.0,0.001986686797636347,14,65,19.0,50.0,9.0,21.0,10.0,18.0,26.0,13.0
2,10,26,258,19,152,21,129,11.0,91.0,0.0,75.0,9,1.0,10,1.0,14,1.0,18.0,0.8,19.0,0.8,9,0.01592928364565821,26,0.0026121508375969893,25,0.0024736417814265528,29.0,0.002001837260615669,11.0,0.001986686797636347,14,65,19.0,50.0,9.0,21.0,10.0,18.0,26.0,13.0
0,11,14,159,19,109,9,28,11.0,22.0,10.0,19.0,11,1.0,19,1.0,21,1.0,14.0,0.8,20.0,0.8,18,0.028491282213318102,9,0.013199057880243906,22,0.013136843321707585,19.0,0.011640872243764654,14.0,0.008449391034206298,11,22,19.0,5.0,14.0,3.0,18.0,2.0,22.0,2.0
1,11,14,159,19,109,9,28,11.0,22.0,10.0,19.0,11,1.0,19,1.0,21,1.0,14.0,0.8,20.0,0.8,18,0.028491282213318102,9,0.013199057880243906,22,0.013136843321707585,19.0,0.011640872243764654,14.0,0.008449391034206298,11,22,19.0,5.0,14.0,3.0,18.0,2.0,22.0,2.0
2,11,14,159,19,109,9,28,11.0,22.0,10.0,19.0,11,1.0,19,1.0,21,1.0,14.0,0.8,20.0,0.8,18,0.028491282213318102,9,0.013199057880243906,22,0.013136843321707585,19.0,0.011640872243764654,14.0,0.008449391034206298,11,22,19.0,5.0,14.0,3.0,18.0,2.0,22.0,2.0
0,12,19,1029,21,458,10,436,11.0,204.0,7.0,103.0,2,1.0,12,1.0,30,1.0,5.0,0.8,18.0,0.8,18,0.005017010568617829,22,0.004163864101365558,4,0.0019152860216710807,3.0,0.001783464716535824,13.0,0.001625519501787264,9,7,12.0,4.0,2.0,3.0,18.0,3.0,22.0,3.0
1,12,19,1029,21,458,10,436,11.0,204.0,7.0,103.0,2,1.0,12,1.0,30,1.0,5.0,0.8,18.0,0.8,18,0.005017010568617829,22,0.004163864101365558,4,0.0019152860216710807,3.0,0.001783464716535824,13.0,0.001625519501787264,9,7,12.0,4.0,2.0,3.0,18.0,3.0,22.0,3.0
2,12,19,1029,21,458,10,436,11.0,204.0,7.0,103.0,2,1.0,12,1.0,30,1.0,5.0,0.8,18.0,0.8,18,0.005017010568617829,22,0.004163864101365558,4,0.0019152860216710807,3.0,0.001783464716535824,13.0,0.001625519501787264,9,7,12.0,4.0,2.0,3.0,18.0,3.0,22.0,3.0
0,13,12,74,2,21,1,7,27.0,7.0,5.0,6.0,13,1.0,30,0.4,1,0.2,2.0,0.2,3.0,0.2,12,0.020870706892638036,27,0.019394162446338528,3,0.004576528790113429,28.0,0.003581000880120434,1.0,0.003425462458054597,13,4,30.0,0.0,,,,,,
1,13,12,74,2,21,1,7,27.0,7.0,5.0,6.0,13,1.0,30,0.4,1,0.2,2.0,0.2,3.0,0.2,12,0.020870706892638036,27,0.019394162446338528,3,0.004576528790113429,28.0,0.003581000880120434,1.0,0.003425462458054597,13,4,30.0,0.0,,,,,,
2,13,12,74,2,21,1,7,27.0,7.0,5.0,6.0,13,1.0,30,0.4,1,0.2,2.0,0.2,3.0,0.2,12,0.020870706892638036,27,0.019394162446338528,3,0.004576528790113429,28.0,0.003581000880120434,1.0,0.003425462458054597,13,4,30.0,0.0,,,,,,
0,14,10,179,19,152,21,129,11.0,91.0,0.0,75.0,14,1.0,26,0.8,9,0.6,10.0,0.6,11.0,0.6,25,0.0024736417814265528,30,0.0020948861353016694,29,0.002001837260615669,11.0,0.001986686797636347,3.0,0.0018263109897501731,14,112,19.0,48.0,9.0,16.0,10.0,13.0,11.0,13.0
1,14,10,179,19,152,21,129,11.0,91.0,0.0,75.0,14,1.0,26,0.8,9,0.6,10.0,0.6,11.0,0.6,25,0.0024736417814265528,30,0.0020948861353016694,29,0.002001837260615669,11.0,0.001986686797636347,3.0,0.0018263109897501731,14,112,19.0,48.0,9.0,16.0,10.0,13.0,11.0,13.0
2,14,10,179,19,152,21,129,11.0,91.0,0.0,75.0,14,1.0,26,0.8,9,0.6,10.0,0.6,11.0,0.6,25,0.0024736417814265528,30,0.0020948861353016694,29,0.002001837260615669,11.0,0.001986686797636347,3.0,0.0018263109897501731,14,112,19.0,48.0,9.0,16.0,10.0,13.0,11.0,13.0
0,15,22,36,10,13,1,9,19.0,8.0,13.0,7.0,5,1.0,15,1.0,24,0.8,1.0,0.8,2.0,0.8,22,0.03129353076671049,6,0.004707770569715133,18,0.004189483901489614,4.0,0.0025918113081554064,13.0,0.002566307629846374,15,7,4.0,1.0,0.0,0.0,1.0,0.0,2.0,0.0
1,15,22,36,10,13,1,9,19.0,8.0,13.0,7.0,5,1.0,15,1.0,24,0.8,1.0,0.8,2.0,0.8,22,0.03129353076671049,6,0.004707770569715133,18,0.004189483901489614,4.0,0.0025918113081554064,13.0,0.002566307629846374,15,7,4.0,1.0,0.0,0.0,1.0,0.0,2.0,0.0
2,15,22,36,10,13,1,9,19.0,8.0,13.0,7.0,5,1.0,15,1.0,24,0.8,1.0,0.8,2.0,0.8,22,0.03129353076671049,6,0.004707770569715133,18,0.004189483901489614,4.0,0.0025918113081554064,13.0,0.002566307629846374,15,7,4.0,1.0,0.0,0.0,1.0,0.0,2.0,0.0
0,16,19,26,10,26,21,25,2.0,25.0,5.0,19.0,16,1.0,1,0.6,2,0.6,7.0,0.6,12.0,0.6,8,0.007109899773549884,4,0.0030005311702914713,22,0.002406719716734147,7.0,0.0009825235747932452,6.0,0.0009469418328565086,16,4,0.0,0.0,1.0,0.0,2.0,0.0,5.0,0.0
1,16,19,26,10,26,21,25,2.0,25.0,5.0,19.0,16,1.0,1,0.6,2,0.6,7.0,0.6,12.0,0.6,8,0.007109899773549884,4,0.0030005311702914713,22,0.002406719716734147,7.0,0.0009825235747932452,6.0,0.0009469418328565086,16,4,0.0,0.0,1.0,0.0,2.0,0.0,5.0,0.0
2,16,19,26,10,26,21,25,2.0,25.0,5.0,19.0,16,1.0,1,0.6,2,0.6,7.0,0.6,12.0,0.6,8,0.007109899773549884,4,0.0030005311702914713,22,0.002406719716734147,7.0,0.0009825235747932452,6.0,0.0009469418328565086,16,4,0.0,0.0,1.0,0.0,2.0,0.0,5.0,0.0
0,17,26,27,15,20,14,11,17.0,11.0,0.0,7.0,17,1.0,1,0.8,2,0.8,16.0,0.8,0.0,0.8,15,0.03026851619153677,17,0.01701286957423276,27,0.0036437487829378617,4.0,0.0030005311702914713,26.0,0.0022375432966620784,17,33,0.0,0.0,1.0,0.0,2.0,0.0,3.0,0.0
1,17,26,27,15,20,14,11,17.0,11.0,0.0,7.0,17,1.0,1,0.8,2,0.8,16.0,0.8,0.0,0.8,15,0.03026851619153677,17,0.01701286957423276,27,0.0036437487829378617,4.0,0.0030005311702914713,26.0,0.0022375432966620784,17,33,0.0,0.0,1.0,0.0,2.0,0.0,3.0,0.0
2,17,26,27,15,20,14,11,17.0,11.0,0.0,7.0,17,1.0,1,0.8,2,0.8,16.0,0.8,0.0,0.8,15,0.03026851619153677,17,0.01701286957423276,27,0.0036437487829378617,4.0,0.0030005311702914713,26.0,0.0022375432966620784,17,33,0.0,0.0,1.0,0.0,2.0,0.0,3.0,0.0
0,18,19,1029,21,458,10,436,20.0,284.0,11.0,204.0,18,1.0,22,1.0,9,0.8,21.0,0.6,29.0,0.6,18,0.0020207146100199476,4,0.0019152860216710807,3,0.001783464716535824,22.0,0.00167709055197087,13.0,0.001625519501787264,21,17,29.0,7.0,18.0,6.0,22.0,3.0,2.0,2.0
1,18,19,1029,21,458,10,436,20.0,284.0,11.0,204.0,18,1.0,22,1.0,9,0.8,21.0,0.6,29.0,0.6,18,0.0020207146100199476,4,0.0019152860216710807,3,0.001783464716535824,22.0,0.00167709055197087,13.0,0.001625519501787264,21,17,29.0,7.0,18.0,6.0,22.0,3.0,2.0,2.0
2,18,19,1029,21,458,10,436,20.0,284.0,11.0,204.0,18,1.0,22,1.0,9,0.8,21.0,0.6,29.0,0.6,18,0.0020207146100199476,4,0.0019152860216710807,3,0.001783464716535824,22.0,0.00167709055197087,13.0,0.001625519501787264,21,17,29.0,7.0,18.0,6.0,22.0,3.0,2.0,2.0
0,19,19,36,10,20,20,18,21.0,18.0,0.0,13.0,14,1.0,19,1.0,20,1.0,0.0,0.8,9.0,0.8,18,0.00808285844007979,29,0.007436661305679293,20,0.004750474876448253,21.0,0.0036492946665707088,19.0,0.00352181083897216,14,61,19.0,57.0,11.0,26.0,9.0,15.0,10.0,10.0
1,19,19,36,10,20,20,18,21.0,18.0,0.0,13.0,14,1.0,19,1.0,20,1.0,0.0,0.8,9.0,0.8,18,0.00808285844007979,29,0.007436661305679293,20,0.004750474876448253,21.0,0.0036492946665707088,19.0,0.00352181083897216,14,61,19.0,57.0,11.0,26.0,9.0,15.0,10.0,10.0
2,19,19,36,10,20,20,18,21.0,18.0,0.0,13.0,14,1.0,19,1.0,20,1.0,0.0,0.8,9.0,0.8,18,0.00808285844007979,29,0.007436661305679293,20,0.004750474876448253,21.0,0.0036492946665707088,19.0,0.00352181083897216,14,61,19.0,57.0,11.0,26.0,9.0,15.0,10.0,10.0
0,20,26,254,10,179,9,30,25.0,28.0,0.0,23.0,20,1.0,0,0.8,2,0.8,11.0,0.8,14.0,0.8,0,0.007240246149874901,18,0.0037787526998926597,17,0.002824347732262628,20.0,0.0026365363495224462,26.0,0.0025716523749985867,26,39,0.0,33.0,20.0,25.0,14.0,17.0,19.0,8.0
1,20,26,254,10,179,9,30,25.0,28.0,0.0,23.0,20,1.0,0,0.8,2,0.8,11.0,0.8,14.0,0.8,0,0.007240246149874901,18,0.0037787526998926597,17,0.002824347732262628,20.0,0.0026365363495224462,26.0,0.0025716523749985867,26,39,0.0,33.0,20.0,25.0,14.0,17.0,19.0,8.0
2,20,26,254,10,179,9,30,25.0,28.0,0.0,23.0,20,1.0,0,0.8,2,0.8,11.0,0.8,14.0,0.8,0,0.007240246149874901,18,0.0037787526998926597,17,0.002824347732262628,20.0,0.0026365363495224462,26.0,0.0025716523749985867,26,39,0.0,33.0,20.0,25.0,14.0,17.0,19.0,8.0
0,21,14,2418,26,1142,19,1029,21.0,458.0,2.0,446.0,21,1.0,29,1.0,2,0.6,9.0,0.6,10.0,0.6,15,-6.601463130056997e-06,6,-1.2191803777748856e-05,9,-1.468709595680128e-05,8.0,-1.5733103766407616e-05,3.0,-1.6539929600582365e-05,20,15,1.0,10.0,2.0,10.0,5.0,10.0,11.0,10.0
1,21,14,2418,26,1142,19,1029,21.0,458.0,2.0,446.0,21,1.0,29,1.0,2,0.6,9.0,0.6,10.0,0.6,15,-6.601463130056997e-06,6,-1.2191803777748856e-05,9,-1.468709595680128e-05,8.0,-1.5733103766407616e-05,3.0,-1.6539929600582365e-05,20,15,1.0,10.0,2.0,10.0,5.0,10.0,11.0,10.0
2,21,14,2418,26,1142,19,1029,21.0,458.0,2.0,446.0,21,1.0,29,1.0,2,0.6,9.0,0.6,10.0,0.6,15,-6.601463130056997e-06,6,-1.2191803777748856e-05,9,-1.468709595680128e-05,8.0,-1.5733103766407616e-05,3.0,-1.6539929600582365e-05,20,15,1.0,10.0,2.0,10.0,5.0,10.0,11.0,10.0
0,22,19,1029,21,458,10,436,11.0,204.0,7.0,103.0,18,1.0,22,1.0,2,0.8,12.0,0.8,30.0,0.8,18,0.005017010568617829,22,0.004163864101365558,4,0.0019152860216710807,3.0,0.001783464716535824,13.0,0.001625519501787264,20,12,22.0,4.0,2.0,3.0,12.0,3.0,18.0,3.0
1,22,19,1029,21,458,10,436,11.0,204.0,7.0,103.0,18,1.0,22,1.0,2,0.8,12.0,0.8,30.0,0.8,18,0.005017010568617829,22,0.004163864101365558,4,0.0019152860216710807,3.0,0.001783464716535824,13.0,0.001625519501787264,20,12,22.0,4.0,2.0,3.0,12.0,3.0,18.0,3.0
2,22,19,1029,21,458,10,436,11.0,204.0,7.0,103.0,18,1.0,22,1.0,2,0.8,12.0,0.8,30.0,0.8,18,0.005017010568617829,22,0.004163864101365558,4,0.0019152860216710807,3.0,0.001783464716535824,13.0,0.001625519501787264,20,12,22.0,4.0,2.0,3.0,12.0,3.0,18.0,3.0
0,23,14,20,21,15,19,13,12.0,9.0,10.0,8.0,14,1.0,23,1.0,2,0.8,19.0,0.8,0.0,0.6,12,0.0033382848131107354,8,0.0026471613169534525,23,0.0021362903058609007,21.0,0.0021306420647466975,29.0,0.0020841108012637235,23,4,19.0,2.0,0.0,0.0,1.0,0.0,2.0,0.0
1,23,14,20,21,15,19,13,12.0,9.0,10.0,8.0,14,1.0,23,1.0,2,0.8,19.0,0.8,0.0,0.6,12,0.0033382848131107354,8,0.0026471613169534525,23,0.0021362903058609007,21.0,0.0021306420647466975,29.0,0.0020841108012637235,23,4,19.0,2.0,0.0,0.0,1.0,0.0,2.0,0.0
2,23,14,20,21,15,19,13,12.0,9.0,10.0,8.0,14,1.0,23,1.0,2,0.8,19.0,0.8,0.0,0.6,12,0.0033382848131107354,8,0.0026471613169534525,23,0.0021362903058609007,21.0,0.0021306420647466975,29.0,0.0020841108012637235,23,4,19.0,2.0,0.0,0.0,1.0,0.0,2.0,0.0
0,24,10,138,14,110,20,68,26.0,45.0,21.0,33.0,1,1.0,2,1.0,5,1.0,12.0,1.0,24.0,1.0,4,0.009208299642159195,3,0.005002640214027934,1,0.003744400402620908,29.0,0.0034974350073492737,27.0,0.0030285591491786756,2,10,1.0,6.0,24.0,5.0,28.0,4.0,30.0,4.0
1,24,10,138,14,110,20,68,26.0,45.0,21.0,33.0,1,1.0,2,1.0,5,1.0,12.0,1.0,24.0,1.0,4,0.009208299642159195,3,0.005002640214027934,1,0.003744400402620908,29.0,0.0034974350073492737,27.0,0.0030285591491786756,2,10,1.0,6.0,24.0,5.0,28.0,4.0,30.0,4.0
2,24,10,138,14,110,20,68,26.0,45.0,21.0,33.0,1,1.0,2,1.0,5,1.0,12.0,1.0,24.0,1.0,4,0.009208299642159195,3,0.005002640214027934,1,0.003744400402620908,29.0,0.0034974350073492737,27.0,0.0030285591491786756,2,10,1.0,6.0,24.0,5.0,28.0,4.0,30.0,4.0
0,25,10,124,21,50,26,36,9.0,33.0,25.0,11.0,25,1.0,14,0.8,9,0.6,10.0,0.6,19.0,0.6,10,0.019870984375332308,9,0.01698692448461501,25,0.016557162080876413,29.0,0.011368991778888102,18.0,0.011147102687390659,26,17,10.0,12.0,25.0,10.0,2.0,0.0,9.0,0.0
1,25,10,124,21,50,26,36,9.0,33.0,25.0,11.0,25,1.0,14,0.8,9,0.6,10.0,0.6,19.0,0.6,10,0.019870984375332308,9,0.01698692448461501,25,0.016557162080876413,29.0,0.011368991778888102,18.0,0.011147102687390659,26,17,10.0,12.0,25.0,10.0,2.0,0.0,9.0,0.0
2,25,10,124,21,50,26,36,9.0,33.0,25.0,11.0,25,1.0,14,0.8,9,0.6,10.0,0.6,19.0,0.6,10,0.019870984375332308,9,0.01698692448461501,25,0.016557162080876413,29.0,0.011368991778888102,18.0,0.011147102687390659,26,17,10.0,12.0,25.0,10.0,2.0,0.0,9.0,0.0
0,26,26,28,9,27,10,24,21.0,13.0,20.0,5.0,26,1.0,14,0.6,25,0.6,9.0,0.6,10.0,0.6,9,0.018278477501294847,18,0.009092657513386223,22,0.007546444179891611,25.0,0.006581369549213847,26.0,0.006352233495541299,26,25,9.0,5.0,25.0,5.0,10.0,4.0,11.0,0.0
1,26,26,28,9,27,10,24,21.0,13.0,20.0,5.0,26,1.0,14,0.6,25,0.6,9.0,0.6,10.0,0.6,9,0.018278477501294847,18,0.009092657513386223,22,0.007546444179891611,25.0,0.006581369549213847,26.0,0.006352233495541299,26,25,9.0,5.0,25.0,5.0,10.0,4.0,11.0,0.0
2,26,26,28,9,27,10,24,21.0,13.0,20.0,5.0,26,1.0,14,0.6,25,0.6,9.0,0.6,10.0,0.6,9,0.018278477501294847,18,0.009092657513386223,22,0.007546444179891611,25.0,0.006581369549213847,26.0,0.006352233495541299,26,25,9.0,5.0,25.0,5.0,10.0,4.0,11.0,0.0
0,27,14,2418,26,1142,19,1029,21.0,458.0,10.0,436.0,1,0.8,2,0.8,3,0.8,5.0,0.8,7.0,0.8,27,0.046818421723372826,6,0.041772387517011185,7,0.037150288059757064,8.0,0.03706025843734834,5.0,0.036764754589483854,21,27,5.0,26.0,12.0,23.0,2.0,16.0,20.0,14.0
1,27,14,2418,26,1142,19,1029,21.0,458.0,10.0,436.0,1,0.8,2,0.8,3,0.8,5.0,0.8,7.0,0.8,27,0.046818421723372826,6,0.041772387517011185,7,0.037150288059757064,8.0,0.03706025843734834,5.0,0.036764754589483854,21,27,5.0,26.0,12.0,23.0,2.0,16.0,20.0,14.0
2,27,14,2418,26,1142,19,1029,21.0,458.0,10.0,436.0,1,0.8,2,0.8,3,0.8,5.0,0.8,7.0,0.8,27,0.046818421723372826,6,0.041772387517011185,7,0.037150288059757064,8.0,0.03706025843734834,5.0,0.036764754589483854,21,27,5.0,26.0,12.0,23.0,2.0,16.0,20.0,14.0
0,28,2,17,10,13,14,12,1.0,10.0,12.0,7.0,28,1.0,5,0.8,1,0.6,2.0,0.6,3.0,0.6,4,0.003276529307704397,27,0.0021458581171054122,3,0.002006274633520442,1.0,0.0018950435319891952,28.0,0.0018490181874952652,28,19,30.0,12.0,2.0,10.0,3.0,8.0,1.0,5.0
1,28,2,17,10,13,14,12,1.0,10.0,12.0,7.0,28,1.0,5,0.8,1,0.6,2.0,0.6,3.0,0.6,4,0.003276529307704397,27,0.0021458581171054122,3,0.002006274633520442,1.0,0.0018950435319891952,28.0,0.0018490181874952652,28,19,30.0,12.0,2.0,10.0,3.0,8.0,1.0,5.0
2,28,2,17,10,13,14,12,1.0,10.0,12.0,7.0,28,1.0,5,0.8,1,0.6,2.0,0.6,3.0,0.6,4,0.003276529307704397,27,0.0021458581171054122,3,0.002006274633520442,1.0,0.0018950435319891952,28.0,0.0018490181874952652,28,19,30.0,12.0,2.0,10.0,3.0,8.0,1.0,5.0
0,29,14,77,21,57,19,49,2.0,47.0,5.0,43.0,19,1.0,21,1.0,22,1.0,29.0,1.0,9.0,0.8,29,0.0011439070060660966,18,0.001014474103239046,23,0.0009709374063112491,7.0,0.0009098547223235547,5.0,0.0007844113481245106,14,40,19.0,32.0,21.0,18.0,11.0,13.0,9.0,9.0
1,29,14,77,21,57,19,49,2.0,47.0,5.0,43.0,19,1.0,21,1.0,22,1.0,29.0,1.0,9.0,0.8,29,0.0011439070060660966,18,0.001014474103239046,23,0.0009709374063112491,7.0,0.0009098547223235547,5.0,0.0007844113481245106,14,40,19.0,32.0,21.0,18.0,11.0,13.0,9.0,9.0
2,29,14,77,21,57,19,49,2.0,47.0,5.0,43.0,19,1.0,21,1.0,22,1.0,29.0,1.0,9.0,0.8,29,0.0011439070060660966,18,0.001014474103239046,23,0.0009709374063112491,7.0,0.0009098547223235547,5.0,0.0007844113481245106,14,40,19.0,32.0,21.0,18.0,11.0,13.0,9.0,9.0
0,30,19,1029,21,458,10,436,20.0,284.0,11.0,204.0,2,1.0,5,1.0,12,1.0,30.0,1.0,1.0,0.8,18,0.0020207146100199476,4,0.0019152860216710807,3,0.001783464716535824,22.0,0.00167709055197087,13.0,0.001625519501787264,28,19,30.0,15.0,2.0,12.0,3.0,8.0,9.0,7.0
1,30,19,1029,21,458,10,436,20.0,284.0,11.0,204.0,2,1.0,5,1.0,12,1.0,30.0,1.0,1.0,0.8,18,0.0020207146100199476,4,0.0019152860216710807,3,0.001783464716535824,22.0,0.00167709055197087,13.0,0.001625519501787264,28,19,30.0,15.0,2.0,12.0,3.0,8.0,9.0,7.0
2,30,19,1029,21,458,10,436,20.0,284.0,11.0,204.0,2,1.0,5,1.0,12,1.0,30.0,1.0,1.0,0.8,18,0.0020207146100199476,4,0.0019152860216710807,3,0.001783464716535824,22.0,0.00167709055197087,13.0,0.001625519501787264,28,19,30.0,15.0,2.0,12.0,3.0,8.0,9.0,7.0
0,0,26,21,0,15,14,12,19.0,8.0,21.0,8.0,0,1.0,5,0.6666666666666666,9,0.6666666666666666,10.0,0.6666666666666666,20.0,0.6666666666666666,25,0.0045581282768224485,29,0.0021359906658601257,0,0.0017062876761507618,26.0,0.0015671391740700407,18.0,0.0014954802690666923,0,20,5.0,0.0,9.0,0.0,10.0,0.0,20.0,0.0
1,0,26,21,0,15,14,12,19.0,8.0,21.0,8.0,0,1.0,5,0.6666666666666666,9,0.6666666666666666,10.0,0.6666666666666666,20.0,0.6666666666666666,25,0.0045581282768224485,29,0.0021359906658601257,0,0.0017062876761507618,26.0,0.0015671391740700407,18.0,0.0014954802690666923,0,20,5.0,0.0,9.0,0.0,10.0,0.0,20.0,0.0
2,0,26,21,0,15,14,12,19.0,8.0,21.0,8.0,0,1.0,5,0.6666666666666666,9,0.6666666666666666,10.0,0.6666666666666666,20.0,0.6666666666666666,25,0.0045581282768224485,29,0.0021359906658601257,0,0.0017062876761507618,26.0,0.0015671391740700407,18.0,0.0014954802690666923,0,20,5.0,0.0,9.0,0.0,10.0,0.0,20.0,0.0
0,1,29,61,16,46,25,20,2.0,10.0,1.0,5.0,0,1.0,1,1.0,2,1.0,3.0,1.0,4.0,1.0,6,0.004010192676579764,13,0.0014353826185543803,27,0.0013507846733394314,18.0,0.0011895678581903275,4.0,0.0011275034481977885,20,5,21.0,5.0,1.0,4.0,10.0,4.0,2.0,2.0
1,1,29,61,16,46,25,20,2.0,10.0,1.0,5.0,0,1.0,1,1.0,2,1.0,3.0,1.0,4.0,1.0,6,0.004010192676579764,13,0.0014353826185543803,27,0.0013507846733394314,18.0,0.0011895678581903275,4.0,0.0011275034481977885,20,5,21.0,5.0,1.0,4.0,10.0,4.0,2.0,2.0
2,1,29,61,16,46,25,20,2.0,10.0,1.0,5.0,0,1.0,1,1.0,2,1.0,3.0,1.0,4.0,1.0,6,0.004010192676579764,13,0.0014353826185543803,27,0.0013507846733394314,18.0,0.0011895678581903275,4.0,0.0011275034481977885,20,5,21.0,5.0,1.0,4.0,10.0,4.0,2.0,2.0
3,1,29,61,16,46,25,20,2.0,10.0,1.0,5.0,0,1.0,1,1.0,2,1.0,3.0,1.0,4.0,1.0,6,0.004010192676579764,13,0.0014353826185543803,27,0.0013507846733394314,18.0,0.0011895678581903275,4.0,0.0011275034481977885,20,5,21.0,5.0,1.0,4.0,10.0,4.0,2.0,2.0
0,2,14,10,2,5,5,3,1.0,2.0,9.0,2.0,2,1.0,0,0.3333333333333333,1,0.3333333333333333,4.0,0.3333333333333333,5.0,0.3333333333333333,4,0.002748543676502186,9,0.0008636134502670802,1,0.000820993565708445,5.0,0.0007821673646356233,2.0,0.0005536242225556131,2,2,,,,,,,,
1,2,14,10,2,5,5,3,1.0,2.0,9.0,2.0,2,1.0,0,0.3333333333333333,1,0.3333333333333333,4.0,0.3333333333333333,5.0,0.3333333333333333,4,0.002748543676502186,9,0.0008636134502670802,1,0.000820993565708445,5.0,0.0007821673646356233,2.0,0.0005536242225556131,2,2,,,,,,,,
2,2,14,10,2,5,5,3,1.0,2.0,9.0,2.0,2,1.0,0,0.3333333333333333,1,0.3333333333333333,4.0,0.3333333333333333,5.0,0.3333333333333333,4,0.002748543676502186,9,0.0008636134502670802,1,0.000820993565708445,5.0,0.0007821673646356233,2.0,0.0005536242225556131,2,2,,,,,,,,
3,2,14,10,2,5,5,3,1.0,2.0,9.0,2.0,2,1.0,0,0.3333333333333333,1,0.3333333333333333,4.0,0.3333333333333333,5.0,0.3333333333333333,4,0.002748543676502186,9,0.0008636134502670802,1,0.000820993565708445,5.0,0.0007821673646356233,2.0,0.0005536242225556131,2,2,,,,,,,,
0,3,14,29,26,17,2,14,5.0,9.0,24.0,8.0,0,1.0,3,1.0,16,1.0,17.0,1.0,20.0,1.0,3,0.002459583386489032,16,0.0024365658949042418,17,0.002082915759300998,4.0,0.0017278742054369375,20.0,0.0010145011352008756,3,2,2.0,1.0,9.0,1.0,16.0,1.0,0.0,0.0
1,3,14,29,26,17,2,14,5.0,9.0,24.0,8.0,0,1.0,3,1.0,16,1.0,17.0,1.0,20.0,1.0,3,0.002459583386489032,16,0.0024365658949042418,17,0.002082915759300998,4.0,0.0017278742054369375,20.0,0.0010145011352008756,3,2,2.0,1.0,9.0,1.0,16.0,1.0,0.0,0.0
2,3,14,29,26,17,2,14,5.0,9.0,24.0,8.0,0,1.0,3,1.0,16,1.0,17.0,1.0,20.0,1.0,3,0.002459583386489032,16,0.0024365658949042418,17,0.002082915759300998,4.0,0.0017278742054369375,20.0,0.0010145011352008756,3,2,2.0,1.0,9.0,1.0,16.0,1.0,0.0,0.0
3,3,14,29,26,17,2,14,5.0,9.0,24.0,8.0,0,1.0,3,1.0,16,1.0,17.0,1.0,20.0,1.0,3,0.002459583386489032,16,0.0024365658949042418,17,0.002082915759300998,4.0,0.0017278742054369375,20.0,0.0010145011352008756,3,2,2.0,1.0,9.0,1.0,16.0,1.0,0.0,0.0
0,4,0,2,30,2,1,1,4.0,1.0,5.0,1.0,4,1.0,7,0.6666666666666666,16,0.6666666666666666,19.0,0.6666666666666666,1.0,0.3333333333333333,4,0.005928104241062807,16,0.002734219202094476,30,0.0018808578837857302,7.0,0.0011218847850612552,0.0,0.000847895459124621,4,2,16.0,0.0,19.0,0.0,7.0,0.0,,
1,4,0,2,30,2,1,1,4.0,1.0,5.0,1.0,4,1.0,7,0.6666666666666666,16,0.6666666666666666,19.0,0.6666666666666666,1.0,0.3333333333333333,4,0.005928104241062807,16,0.002734219202094476,30,0.0018808578837857302,7.0,0.0011218847850612552,0.0,0.000847895459124621,4,2,16.0,0.0,19.0,0.0,7.0,0.0,,
2,4,0,2,30,2,1,1,4.0,1.0,5.0,1.0,4,1.0,7,0.6666666666666666,16,0.6666666666666666,19.0,0.6666666666666666,1.0,0.3333333333333333,4,0.005928104241062807,16,0.002734219202094476,30,0.0018808578837857302,7.0,0.0011218847850612552,0.0,0.000847895459124621,4,2,16.0,0.0,19.0,0.0,7.0,0.0,,
3,4,0,2,30,2,1,1,4.0,1.0,5.0,1.0,4,1.0,7,0.6666666666666666,16,0.6666666666666666,19.0,0.6666666666666666,1.0,0.3333333333333333,4,0.005928104241062807,16,0.002734219202094476,30,0.0018808578837857302,7.0,0.0011218847850612552,0.0,0.000847895459124621,4,2,16.0,0.0,19.0,0.0,7.0,0.0,,
0,5,14,59,5,28,0,24,20.0,21.0,7.0,14.0,2,1.0,5,1.0,7,1.0,10.0,1.0,11.0,1.0,5,0.0026367139539482335,7,0.0026302053347530786,23,0.002522019948061678,20.0,0.002001752431918256,0.0,0.0019120184728361527,5,4,7.0,1.0,11.0,1.0,12.0,1.0,0.0,0.0
1,5,14,59,5,28,0,24,20.0,21.0,7.0,14.0,2,1.0,5,1.0,7,1.0,10.0,1.0,11.0,1.0,5,0.0026367139539482335,7,0.0026302053347530786,23,0.002522019948061678,20.0,0.002001752431918256,0.0,0.0019120184728361527,5,4,7.0,1.0,11.0,1.0,12.0,1.0,0.0,0.0
2,5,14,59,5,28,0,24,20.0,21.0,7.0,14.0,2,1.0,5,1.0,7,1.0,10.0,1.0,11.0,1.0,5,0.0026367139539482335,7,0.0026302053347530786,23,0.002522019948061678,20.0,0.002001752431918256,0.0,0.0019120184728361527,5,4,7.0,1.0,11.0,1.0,12.0,1.0,0.0,0.0
3,5,14,59,5,28,0,24,20.0,21.0,7.0,14.0,2,1.0,5,1.0,7,1.0,10.0,1.0,11.0,1.0,5,0.0026367139539482335,7,0.0026302053347530786,23,0.002522019948061678,20.0,0.002001752431918256,0.0,0.0019120184728361527,5,4,7.0,1.0,11.0,1.0,12.0,1.0,0.0,0.0
0,6,5,248,12,214,9,145,1.0,140.0,26.0,105.0,6,1.0,20,1.0,23,1.0,0.0,0.6666666666666666,2.0,0.6666666666666666,6,0.006263062850131866,24,0.0042352082634896345,23,0.0013420848964568284,13.0,0.0010679814415261162,17.0,0.000992307327955123,2,2,6.0,2.0,0.0,0.0,7.0,0.0,10.0,0.0
1,6,5,248,12,214,9,145,1.0,140.0,26.0,105.0,6,1.0,20,1.0,23,1.0,0.0,0.6666666666666666,2.0,0.6666666666666666,6,0.006263062850131866,24,0.0042352082634896345,23,0.0013420848964568284,13.0,0.0010679814415261162,17.0,0.000992307327955123,2,2,6.0,2.0,0.0,0.0,7.0,0.0,10.0,0.0
2,6,5,248,12,214,9,145,1.0,140.0,26.0,105.0,6,1.0,20,1.0,23,1.0,0.0,0.6666666666666666,2.0,0.6666666666666666,6,0.006263062850131866,24,0.0042352082634896345,23,0.0013420848964568284,13.0,0.0010679814415261162,17.0,0.000992307327955123,2,2,6.0,2.0,0.0,0.0,7.0,0.0,10.0,0.0
3,6,5,248,12,214,9,145,1.0,140.0,26.0,105.0,6,1.0,20,1.0,23,1.0,0.0,0.6666666666666666,2.0,0.6666666666666666,6,0.006263062850131866,24,0.0042352082634896345,23,0.0013420848964568284,13.0,0.0010679814415261162,17.0,0.000992307327955123,2,2,6.0,2.0,0.0,0.0,7.0,0.0,10.0,0.0
0,7,14,77,21,57,19,49,2.0,47.0,5.0,43.0,6,1.0,7,1.0,24,1.0,0.0,0.6666666666666666,4.0,0.6666666666666666,29,0.0011439070060660966,18,0.001014474103239046,7,0.0009098547223235547,5.0,0.0007844113481245106,21.0,0.0007406495421180015,7,2,6.0,1.0,0.0,0.0,1.0,0.0,2.0,0.0
1,7,14,77,21,57,19,49,2.0,47.0,5.0,43.0,6,1.0,7,1.0,24,1.0,0.0,0.6666666666666666,4.0,0.6666666666666666,29,0.0011439070060660966,18,0.001014474103239046,7,0.0009098547223235547,5.0,0.0007844113481245106,21.0,0.0007406495421180015,7,2,6.0,1.0,0.0,0.0,1.0,0.0,2.0,0.0
2,7,14,77,21,57,19,49,2.0,47.0,5.0,43.0,6,1.0,7,1.0,24,1.0,0.0,0.6666666666666666,4.0,0.6666666666666666,29,0.0011439070060660966,18,0.001014474103239046,7,0.0009098547223235547,5.0,0.0007844113481245106,21.0,0.0007406495421180015,7,2,6.0,1.0,0.0,0.0,1.0,0.0,2.0,0.0
0,8,14,1331,19,814,2,475,10.0,409.0,21.0,351.0,8,1.0,0,0.6666666666666666,12,0.6666666666666666,20.0,0.6666666666666666,23.0,0.6666666666666666,8,0.007109899773549884,23,0.0017172659246865699,20,0.0006490529155926417,12.0,0.0005818480852605693,0.0,0.0005424626949812425,8,2,0.0,0.0,12.0,0.0,20.0,0.0,23.0,0.0
1,8,14,1331,19,814,2,475,10.0,409.0,21.0,351.0,8,1.0,0,0.6666666666666666,12,0.6666666666666666,20.0,0.6666666666666666,23.0,0.6666666666666666,8,0.007109899773549884,23,0.0017172659246865699,20,0.0006490529155926417,12.0,0.0005818480852605693,0.0,0.0005424626949812425,8,2,0.0,0.0,12.0,0.0,20.0,0.0,23.0,0.0
2,8,14,1331,19,814,2,475,10.0,409.0,21.0,351.0,8,1.0,0,0.6666666666666666,12,0.6666666666666666,20.0,0.6666666666666666,23.0,0.6666666666666666,8,0.007109899773549884,23,0.0017172659246865699,20,0.0006490529155926417,12.0,0.0005818480852605693,0.0,0.0005424626949812425,8,2,0.0,0.0,12.0,0.0,20.0,0.0,23.0,0.0
0,9,10,28,26,17,2,14,12.0,11.0,14.0,11.0,9,1.0,0,0.6666666666666666,2,0.6666666666666666,10.0,0.6666666666666666,11.0,0.6666666666666666,4,0.002962513556544745,16,0.0013663999692619477,30,0.0011866104996222178,28.0,0.0010792684023315068,10.0,0.0010142430165942103,9,2,0.0,0.0,2.0,0.0,10.0,0.0,11.0,0.0
1,9,10,28,26,17,2,14,12.0,11.0,14.0,11.0,9,1.0,0,0.6666666666666666,2,0.6666666666666666,10.0,0.6666666666666666,11.0,0.6666666666666666,4,0.002962513556544745,16,0.0013663999692619477,30,0.0011866104996222178,28.0,0.0010792684023315068,10.0,0.0010142430165942103,9,2,0.0,0.0,2.0,0.0,10.0,0.0,11.0,0.0
2,9,10,28,26,17,2,14,12.0,11.0,14.0,11.0,9,1.0,0,0.6666666666666666,2,0.6666666666666666,10.0,0.6666666666666666,11.0,0.6666666666666666,4,0.002962513556544745,16,0.0013663999692619477,30,0.0011866104996222178,28.0,0.0010792684023315068,10.0,0.0010142430165942103,9,2,0.0,0.0,2.0,0.0,10.0,0.0,11.0,0.0
0,10,14,2418,26,1142,19,1029,21.0,458.0,2.0,446.0,10,1.0,9,0.6666666666666666,11,0.6666666666666666,14.0,0.6666666666666666,19.0,0.6666666666666666,15,-6.601463130056997e-06,6,-1.2191803777748856e-05,9,-1.468709595680128e-05,8.0,-1.5733103766407616e-05,3.0,-1.6539929600582365e-05,14,4,10.0,2.0,11.0,2.0,9.0,0.0,19.0,0.0
1,10,14,2418,26,1142,19,1029,21.0,458.0,2.0,446.0,10,1.0,9,0.6666666666666666,11,0.6666666666666666,14.0,0.6666666666666666,19.0,0.6666666666666666,15,-6.601463130056997e-06,6,-1.2191803777748856e-05,9,-1.468709595680128e-05,8.0,-1.5733103766407616e-05,3.0,-1.6539929600582365e-05,14,4,10.0,2.0,11.0,2.0,9.0,0.0,19.0,0.0
2,10,14,2418,26,1142,19,1029,21.0,458.0,2.0,446.0,10,1.0,9,0.6666666666666666,11,0.6666666666666666,14.0,0.6666666666666666,19.0,0.6666666666666666,15,-6.601463130056997e-06,6,-1.2191803777748856e-05,9,-1.468709595680128e-05,8.0,-1.5733103766407616e-05,3.0,-1.6539929600582365e-05,14,4,10.0,2.0,11.0,2.0,9.0,0.0,19.0,0.0
0,11,11,16,24,1,26,1,,,,,11,1.0,24,0.3333333333333333,26,0.3333333333333333,,,,,11,0.014403961736961695,24,0.0010595865539946407,26,0.0004174961822698248,,,,,11,3,,,,,,,,
1,11,11,16,24,1,26,1,,,,,11,1.0,24,0.3333333333333333,26,0.3333333333333333,,,,,11,0.014403961736961695,24,0.0010595865539946407,26,0.0004174961822698248,,,,,11,3,,,,,,,,
2,11,11,16,24,1,26,1,,,,,11,1.0,24,0.3333333333333333,26,0.3333333333333333,,,,,11,0.014403961736961695,24,0.0010595865539946407,26,0.0004174961822698248,,,,,11,3,,,,,,,,
0,12,2,4,12,3,5,1,15.0,1.0,,,2,0.6666666666666666,12,0.6666666666666666,5,0.3333333333333333,15.0,0.3333333333333333,,,15,0.002990052577729047,12,0.0015308353017714584,2,0.000955252668457108,5.0,0.0005623304820364775,,,2,2,12.0,2.0,5.0,0.0,15.0,0.0,,
1,12,2,4,12,3,5,1,15.0,1.0,,,2,0.6666666666666666,12,0.6666666666666666,5,0.3333333333333333,15.0,0.3333333333333333,,,15,0.002990052577729047,12,0.0015308353017714584,2,0.000955252668457108,5.0,0.0005623304820364775,,,2,2,12.0,2.0,5.0,0.0,15.0,0.0,,
2,12,2,4,12,3,5,1,15.0,1.0,,,2,0.6666666666666666,12,0.6666666666666666,5,0.3333333333333333,15.0,0.3333333333333333,,,15,0.002990052577729047,12,0.0015308353017714584,2,0.000955252668457108,5.0,0.0005623304820364775,,,2,2,12.0,2.0,5.0,0.0,15.0,0.0,,
0,13,14,1331,19,814,10,409,21.0,351.0,20.0,255.0,13,1.0,1,0.6666666666666666,2,0.6666666666666666,0.0,0.3333333333333333,3.0,0.3333333333333333,1,0.0030286326308108596,13,0.0028684466491074563,2,0.0013615408253878805,26.0,-5.16793924266632e-06,25.0,-8.589310977665943e-06,13,2,1.0,0.0,2.0,0.0,,,,
1,13,14,1331,19,814,10,409,21.0,351.0,20.0,255.0,13,1.0,1,0.6666666666666666,2,0.6666666666666666,0.0,0.3333333333333333,3.0,0.3333333333333333,1,0.0030286326308108596,13,0.0028684466491074563,2,0.0013615408253878805,26.0,-5.16793924266632e-06,25.0,-8.589310977665943e-06,13,2,1.0,0.0,2.0,0.0,,,,
2,13,14,1331,19,814,10,409,21.0,351.0,20.0,255.0,13,1.0,1,0.6666666666666666,2,0.6666666666666666,0.0,0.3333333333333333,3.0,0.3333333333333333,1,0.0030286326308108596,13,0.0028684466491074563,2,0.0013615408253878805,26.0,-5.16793924266632e-06,25.0,-8.589310977665943e-06,13,2,1.0,0.0,2.0,0.0,,,,
0,14,26,1142,19,1029,21,458,2.0,446.0,10.0,436.0,14,1.0,20,1.0,0,0.6666666666666666,9.0,0.6666666666666666,19.0,0.6666666666666666,20,0.0007614395998926139,14,0.0002808883452170597,15,-6.601463130056997e-06,6.0,-1.2191803777748856e-05,9.0,-1.468709595680128e-05,14,11,19.0,4.0,9.0,1.0,20.0,1.0,22.0,1.0
1,14,26,1142,19,1029,21,458,2.0,446.0,10.0,436.0,14,1.0,20,1.0,0,0.6666666666666666,9.0,0.6666666666666666,19.0,0.6666666666666666,20,0.0007614395998926139,14,0.0002808883452170597,15,-6.601463130056997e-06,6.0,-1.2191803777748856e-05,9.0,-1.468709595680128e-05,14,11,19.0,4.0,9.0,1.0,20.0,1.0,22.0,1.0
2,14,26,1142,19,1029,21,458,2.0,446.0,10.0,436.0,14,1.0,20,1.0,0,0.6666666666666666,9.0,0.6666666666666666,19.0,0.6666666666666666,20,0.0007614395998926139,14,0.0002808883452170597,15,-6.601463130056997e-06,6.0,-1.2191803777748856e-05,9.0,-1.468709595680128e-05,14,11,19.0,4.0,9.0,1.0,20.0,1.0,22.0,1.0
0,15,15,7,20,7,17,6,14.0,4.0,19.0,3.0,15,1.0,1,0.6666666666666666,2,0.6666666666666666,23.0,0.6666666666666666,30.0,0.6666666666666666,15,0.012645562763237278,17,0.00775133219079783,8,0.003446349424262247,4.0,0.003276529307704397,20.0,0.0024073378597423596,15,2,23.0,2.0,1.0,0.0,2.0,0.0,30.0,0.0
1,15,15,7,20,7,17,6,14.0,4.0,19.0,3.0,15,1.0,1,0.6666666666666666,2,0.6666666666666666,23.0,0.6666666666666666,30.0,0.6666666666666666,15,0.012645562763237278,17,0.00775133219079783,8,0.003446349424262247,4.0,0.003276529307704397,20.0,0.0024073378597423596,15,2,23.0,2.0,1.0,0.0,2.0,0.0,30.0,0.0
2,15,15,7,20,7,17,6,14.0,4.0,19.0,3.0,15,1.0,1,0.6666666666666666,2,0.6666666666666666,23.0,0.6666666666666666,30.0,0.6666666666666666,15,0.012645562763237278,17,0.00775133219079783,8,0.003446349424262247,4.0,0.003276529307704397,20.0,0.0024073378597423596,15,2,23.0,2.0,1.0,0.0,2.0,0.0,30.0,0.0
0,16,21,7,2,5,9,3,16.0,3.0,23.0,3.0,16,1.0,0,0.3333333333333333,2,0.3333333333333333,3.0,0.3333333333333333,5.0,0.3333333333333333,16,0.007309697684712726,18,0.0055735513436953295,17,0.002082915759300998,23.0,0.0016022177293956753,21.0,0.0009942996302151254,16,3,,,,,,,,
1,16,21,7,2,5,9,3,16.0,3.0,23.0,3.0,16,1.0,0,0.3333333333333333,2,0.3333333333333333,3.0,0.3333333333333333,5.0,0.3333333333333333,16,0.007309697684712726,18,0.0055735513436953295,17,0.002082915759300998,23.0,0.0016022177293956753,21.0,0.0009942996302151254,16,3,,,,,,,,
2,16,21,7,2,5,9,3,16.0,3.0,23.0,3.0,16,1.0,0,0.3333333333333333,2,0.3333333333333333,3.0,0.3333333333333333,5.0,0.3333333333333333,16,0.007309697684712726,18,0.0055735513436953295,17,0.002082915759300998,23.0,0.0016022177293956753,21.0,0.0009942996302151254,16,3,,,,,,,,
0,17,14,1331,19,814,2,475,10.0,409.0,21.0,351.0,10,1.0,17,1.0,0,0.6666666666666666,1.0,0.6666666666666666,2.0,0.6666666666666666,26,-5.16793924266632e-06,25,-8.589310977665943e-06,30,-1.397956898129717e-05,18.0,-1.4794891156484228e-05,0.0,-1.4854772781541875e-05,17,2,10.0,1.0,12.0,1.0,0.0,0.0,1.0,0.0
1,17,14,1331,19,814,2,475,10.0,409.0,21.0,351.0,10,1.0,17,1.0,0,0.6666666666666666,1.0,0.6666666666666666,2.0,0.6666666666666666,26,-5.16793924266632e-06,25,-8.589310977665943e-06,30,-1.397956898129717e-05,18.0,-1.4794891156484228e-05,0.0,-1.4854772781541875e-05,17,2,10.0,1.0,12.0,1.0,0.0,0.0,1.0,0.0
2,17,14,1331,19,814,2,475,10.0,409.0,21.0,351.0,10,1.0,17,1.0,0,0.6666666666666666,1.0,0.6666666666666666,2.0,0.6666666666666666,26,-5.16793924266632e-06,25,-8.589310977665943e-06,30,-1.397956898129717e-05,18.0,-1.4794891156484228e-05,0.0,-1.4854772781541875e-05,17,2,10.0,1.0,12.0,1.0,0.0,0.0,1.0,0.0
0,18,14,1331,19,814,2,475,10.0,409.0,21.0,351.0,3,1.0,9,1.0,10,1.0,14.0,1.0,18.0,1.0,26,-5.16793924266632e-06,25,-8.589310977665943e-06,30,-1.397956898129717e-05,18.0,-1.4794891156484228e-05,0.0,-1.4854772781541875e-05,21,4,26.0,4.0,2.0,2.0,9.0,2.0,18.0,2.0
1,18,14,1331,19,814,2,475,10.0,409.0,21.0,351.0,3,1.0,9,1.0,10,1.0,14.0,1.0,18.0,1.0,26,-5.16793924266632e-06,25,-8.589310977665943e-06,30,-1.397956898129717e-05,18.0,-1.4794891156484228e-05,0.0,-1.4854772781541875e-05,21,4,26.0,4.0,2.0,2.0,9.0,2.0,18.0,2.0
2,18,14,1331,19,814,2,475,10.0,409.0,21.0,351.0,3,1.0,9,1.0,10,1.0,14.0,1.0,18.0,1.0,26,-5.16793924266632e-06,25,-8.589310977665943e-06,30,-1.397956898129717e-05,18.0,-1.4794891156484228e-05,0.0,-1.4854772781541875e-05,21,4,26.0,4.0,2.0,2.0,9.0,2.0,18.0,2.0
0,19,2,475,10,409,20,255,5.0,248.0,12.0,214.0,14,1.0,19,1.0,1,0.6666666666666666,2.0,0.6666666666666666,11.0,0.6666666666666666,29,0.01067995332930063,19,0.0027607233118637836,9,0.0020309419445883165,16.0,0.0019874993361479244,14.0,0.0015263341924421432,19,13,9.0,7.0,29.0,5.0,24.0,1.0,0.0,0.0
1,19,2,475,10,409,20,255,5.0,248.0,12.0,214.0,14,1.0,19,1.0,1,0.6666666666666666,2.0,0.6666666666666666,11.0,0.6666666666666666,29,0.01067995332930063,19,0.0027607233118637836,9,0.0020309419445883165,16.0,0.0019874993361479244,14.0,0.0015263341924421432,19,13,9.0,7.0,29.0,5.0,24.0,1.0,0.0,0.0
2,19,2,475,10,409,20,255,5.0,248.0,12.0,214.0,14,1.0,19,1.0,1,0.6666666666666666,2.0,0.6666666666666666,11.0,0.6666666666666666,29,0.01067995332930063,19,0.0027607233118637836,9,0.0020309419445883165,16.0,0.0019874993361479244,14.0,0.0015263341924421432,19,13,9.0,7.0,29.0,5.0,24.0,1.0,0.0,0.0
0,20,14,2418,26,1142,19,1029,11.0,204.0,1.0,166.0,0,1.0,2,1.0,3,1.0,5.0,1.0,12.0,1.0,16,0.0025354213058643156,3,0.0012796863271164023,21,0.001114274463446832,5.0,0.0005214449097570823,7.0,0.000520157744593118,20,2,0.0,1.0,1.0,1.0,5.0,1.0,9.0,1.0
1,20,14,2418,26,1142,19,1029,11.0,204.0,1.0,166.0,0,1.0,2,1.0,3,1.0,5.0,1.0,12.0,1.0,16,0.0025354213058643156,3,0.0012796863271164023,21,0.001114274463446832,5.0,0.0005214449097570823,7.0,0.000520157744593118,20,2,0.0,1.0,1.0,1.0,5.0,1.0,9.0,1.0
2,20,14,2418,26,1142,19,1029,11.0,204.0,1.0,166.0,0,1.0,2,1.0,3,1.0,5.0,1.0,12.0,1.0,16,0.0025354213058643156,3,0.0012796863271164023,21,0.001114274463446832,5.0,0.0005214449097570823,7.0,0.000520157744593118,20,2,0.0,1.0,1.0,1.0,5.0,1.0,9.0,1.0
0,21,14,1331,19,814,2,475,10.0,409.0,21.0,351.0,3,1.0,12,1.0,18,1.0,21.0,1.0,22.0,1.0,26,-5.16793924266632e-06,25,-8.589310977665943e-06,30,-1.397956898129717e-05,18.0,-1.4794891156484228e-05,0.0,-1.4854772781541875e-05,14,314,10.0,53.0,19.0,53.0,21.0,25.0,11.0,15.0
1,21,14,1331,19,814,2,475,10.0,409.0,21.0,351.0,3,1.0,12,1.0,18,1.0,21.0,1.0,22.0,1.0,26,-5.16793924266632e-06,25,-8.589310977665943e-06,30,-1.397956898129717e-05,18.0,-1.4794891156484228e-05,0.0,-1.4854772781541875e-05,14,314,10.0,53.0,19.0,53.0,21.0,25.0,11.0,15.0
2,21,14,1331,19,814,2,475,10.0,409.0,21.0,351.0,3,1.0,12,1.0,18,1.0,21.0,1.0,22.0,1.0,26,-5.16793924266632e-06,25,-8.589310977665943e-06,30,-1.397956898129717e-05,18.0,-1.4794891156484228e-05,0.0,-1.4854772781541875e-05,14,314,10.0,53.0,19.0,53.0,21.0,25.0,11.0,15.0
0,22,3,1,5,1,16,1,22.0,1.0,23.0,1.0,22,1.0,3,0.3333333333333333,5,0.3333333333333333,16.0,0.3333333333333333,23.0,0.3333333333333333,4,0.007930007195403368,22,0.006943788026431882,3,0.0022139844209690014,16.0,0.0021932653154251736,23.0,0.0012080725006907438,22,2,,,,,,,,
1,22,3,1,5,1,16,1,22.0,1.0,23.0,1.0,22,1.0,3,0.3333333333333333,5,0.3333333333333333,16.0,0.3333333333333333,23.0,0.3333333333333333,4,0.007930007195403368,22,0.006943788026431882,3,0.0022139844209690014,16.0,0.0021932653154251736,23.0,0.0012080725006907438,22,2,,,,,,,,
2,22,3,1,5,1,16,1,22.0,1.0,23.0,1.0,22,1.0,3,0.3333333333333333,5,0.3333333333333333,16.0,0.3333333333333333,23.0,0.3333333333333333,4,0.007930007195403368,22,0.006943788026431882,3,0.0022139844209690014,16.0,0.0021932653154251736,23.0,0.0012080725006907438,22,2,,,,,,,,
0,23,19,814,2,475,10,409,21.0,351.0,5.0,248.0,0,1.0,14,1.0,20,1.0,23.0,1.0,1.0,0.3333333333333333,23,0.010542247232817877,14,0.0012598743099589333,20,0.0005692168002133783,0.0,0.00047573760483058113,26.0,-5.16793924266632e-06,23,2,20.0,1.0,14.0,1.0,0.0,0.0,,
1,23,19,814,2,475,10,409,21.0,351.0,5.0,248.0,0,1.0,14,1.0,20,1.0,23.0,1.0,1.0,0.3333333333333333,23,0.010542247232817877,14,0.0012598743099589333,20,0.0005692168002133783,0.0,0.00047573760483058113,26.0,-5.16793924266632e-06,23,2,20.0,1.0,14.0,1.0,0.0,0.0,,
2,23,19,814,2,475,10,409,21.0,351.0,5.0,248.0,0,1.0,14,1.0,20,1.0,23.0,1.0,1.0,0.3333333333333333,23,0.010542247232817877,14,0.0012598743099589333,20,0.0005692168002133783,0.0,0.00047573760483058113,26.0,-5.16793924266632e-06,23,2,20.0,1.0,14.0,1.0,0.0,0.0,,
0,24,24,7,25,5,11,3,1.0,2.0,3.0,2.0,24,1.0,10,0.6666666666666666,1,0.3333333333333333,3.0,0.3333333333333333,11.0,0.3333333333333333,25,0.006892032315250051,24,0.00632235859026744,3,0.002794016879218779,13.0,0.002546576269989072,11.0,0.0010218985723105208,24,2,10.0,0.0,,,,,,
1,24,24,7,25,5,11,3,1.0,2.0,3.0,2.0,24,1.0,10,0.6666666666666666,1,0.3333333333333333,3.0,0.3333333333333333,11.0,0.3333333333333333,25,0.006892032315250051,24,0.00632235859026744,3,0.002794016879218779,13.0,0.002546576269989072,11.0,0.0010218985723105208,24,2,10.0,0.0,,,,,,
2,24,24,7,25,5,11,3,1.0,2.0,3.0,2.0,24,1.0,10,0.6666666666666666,1,0.3333333333333333,3.0,0.3333333333333333,11.0,0.3333333333333333,25,0.006892032315250051,24,0.00632235859026744,3,0.002794016879218779,13.0,0.002546576269989072,11.0,0.0010218985723105208,24,2,10.0,0.0,,,,,,
0,25,26,35,10,29,19,25,21.0,25.0,14.0,23.0,2,1.0,24,1.0,25,1.0,26.0,1.0,9.0,0.6666666666666666,25,0.011069740100854517,15,0.003483402825158906,6,0.0027292640691966687,26.0,0.0026118986234500673,28.0,0.002609613796969165,25,4,16.0,1.0,26.0,1.0,0.0,0.0,2.0,0.0
1,25,26,35,10,29,19,25,21.0,25.0,14.0,23.0,2,1.0,24,1.0,25,1.0,26.0,1.0,9.0,0.6666666666666666,25,0.011069740100854517,15,0.003483402825158906,6,0.0027292640691966687,26.0,0.0026118986234500673,28.0,0.002609613796969165,25,4,16.0,1.0,26.0,1.0,0.0,0.0,2.0,0.0
2,25,26,35,10,29,19,25,21.0,25.0,14.0,23.0,2,1.0,24,1.0,25,1.0,26.0,1.0,9.0,0.6666666666666666,25,0.011069740100854517,15,0.003483402825158906,6,0.0027292640691966687,26.0,0.0026118986234500673,28.0,0.002609613796969165,25,4,16.0,1.0,26.0,1.0,0.0,0.0,2.0,0.0
0,26,21,33,26,27,29,24,17.0,15.0,23.0,13.0,10,1.0,26,1.0,0,0.6666666666666666,1.0,0.6666666666666666,2.0,0.6666666666666666,17,0.009309600776524825,29,0.0034974350073492737,26,0.0022375432966620784,25.0,0.001485594896597095,16.0,0.001452032206677223,26,30,10.0,1.0,0.0,0.0,1.0,0.0,2.0,0.0
1,26,21,33,26,27,29,24,17.0,15.0,23.0,13.0,10,1.0,26,1.0,0,0.6666666666666666,1.0,0.6666666666666666,2.0,0.6666666666666666,17,0.009309600776524825,29,0.0034974350073492737,26,0.0022375432966620784,25.0,0.001485594896597095,16.0,0.001452032206677223,26,30,10.0,1.0,0.0,0.0,1.0,0.0,2.0,0.0
2,26,21,33,26,27,29,24,17.0,15.0,23.0,13.0,10,1.0,26,1.0,0,0.6666666666666666,1.0,0.6666666666666666,2.0,0.6666666666666666,17,0.009309600776524825,29,0.0034974350073492737,26,0.0022375432966620784,25.0,0.001485594896597095,16.0,0.001452032206677223,26,30,10.0,1.0,0.0,0.0,1.0,0.0,2.0,0.0
0,27,2,13,12,12,1,5,3.0,3.0,5.0,3.0,1,1.0,2,1.0,12,1.0,27.0,1.0,5.0,0.6666666666666666,3,0.004576528790113429,8,0.003767232112392987,12,0.003699557284026646,13.0,0.0030397346441940953,27.0,0.0030285591491786756,2,2,27.0,2.0,1.0,1.0,12.0,1.0,5.0,0.0
1,27,2,13,12,12,1,5,3.0,3.0,5.0,3.0,1,1.0,2,1.0,12,1.0,27.0,1.0,5.0,0.6666666666666666,3,0.004576528790113429,8,0.003767232112392987,12,0.003699557284026646,13.0,0.0030397346441940953,27.0,0.0030285591491786756,2,2,27.0,2.0,1.0,1.0,12.0,1.0,5.0,0.0
2,27,2,13,12,12,1,5,3.0,3.0,5.0,3.0,1,1.0,2,1.0,12,1.0,27.0,1.0,5.0,0.6666666666666666,3,0.004576528790113429,8,0.003767232112392987,12,0.003699557284026646,13.0,0.0030397346441940953,27.0,0.0030285591491786756,2,2,27.0,2.0,1.0,1.0,12.0,1.0,5.0,0.0
0,28,14,2418,26,1142,19,1029,21.0,458.0,2.0,446.0,1,1.0,28,1.0,30,1.0,0.0,0.6666666666666666,2.0,0.6666666666666666,15,-6.601463130056997e-06,6,-1.2191803777748856e-05,9,-1.468709595680128e-05,8.0,-1.5733103766407616e-05,3.0,-1.6539929600582365e-05,28,4,1.0,1.0,7.0,1.0,30.0,1.0,0.0,0.0
1,28,14,2418,26,1142,19,1029,21.0,458.0,2.0,446.0,1,1.0,28,1.0,30,1.0,0.0,0.6666666666666666,2.0,0.6666666666666666,15,-6.601463130056997e-06,6,-1.2191803777748856e-05,9,-1.468709595680128e-05,8.0,-1.5733103766407616e-05,3.0,-1.6539929600582365e-05,28,4,1.0,1.0,7.0,1.0,30.0,1.0,0.0,0.0
2,28,14,2418,26,1142,19,1029,21.0,458.0,2.0,446.0,1,1.0,28,1.0,30,1.0,0.0,0.6666666666666666,2.0,0.6666666666666666,15,-6.601463130056997e-06,6,-1.2191803777748856e-05,9,-1.468709595680128e-05,8.0,-1.5733103766407616e-05,3.0,-1.6539929600582365e-05,28,4,1.0,1.0,7.0,1.0,30.0,1.0,0.0,0.0
0,29,12,22,14,17,2,14,19.0,13.0,23.0,13.0,14,1.0,21,1.0,29,1.0,0.0,0.6666666666666666,9.0,0.6666666666666666,22,0.006869525093425778,23,0.004190585954759613,12,0.0024028471131659406,28.0,0.0018490181874952652,1.0,0.0017055391787902756,21,10,29.0,3.0,14.0,1.0,17.0,1.0,0.0,0.0
1,29,12,22,14,17,2,14,19.0,13.0,23.0,13.0,14,1.0,21,1.0,29,1.0,0.0,0.6666666666666666,9.0,0.6666666666666666,22,0.006869525093425778,23,0.004190585954759613,12,0.0024028471131659406,28.0,0.0018490181874952652,1.0,0.0017055391787902756,21,10,29.0,3.0,14.0,1.0,17.0,1.0,0.0,0.0
2,29,12,22,14,17,2,14,19.0,13.0,23.0,13.0,14,1.0,21,1.0,29,1.0,0.0,0.6666666666666666,9.0,0.6666666666666666,22,0.006869525093425778,23,0.004190585954759613,12,0.0024028471131659406,28.0,0.0018490181874952652,1.0,0.0017055391787902756,21,10,29.0,3.0,14.0,1.0,17.0,1.0,0.0,0.0
0,30,15,51,23,17,17,6,2.0,2.0,30.0,2.0,28,1.0,30,1.0,1,0.6666666666666666,12.0,0.6666666666666666,2.0,0.3333333333333333,15,0.08428440521792231,23,0.014150842702272673,17,0.00775133219079783,8.0,0.003446349424262247,4.0,0.003276529307704397,30,2,1.0,0.0,12.0,0.0,28.0,0.0,,
1,30,15,51,23,17,17,6,2.0,2.0,30.0,2.0,28,1.0,30,1.0,1,0.6666666666666666,12.0,0.6666666666666666,2.0,0.3333333333333333,15,0.08428440521792231,23,0.014150842702272673,17,0.00775133219079783,8.0,0.003446349424262247,4.0,0.003276529307704397,30,2,1.0,0.0,12.0,0.0,28.0,0.0,,
2,30,15,51,23,17,17,6,2.0,2.0,30.0,2.0,28,1.0,30,1.0,1,0.6666666666666666,12.0,0.6666666666666666,2.0,0.3333333333333333,15,0.08428440521792231,23,0.014150842702272673,17,0.00775133219079783,8.0,0.003446349424262247,4.0,0.003276529307704397,30,2,1.0,0.0,12.0,0.0,28.0,0.0,,
0,0,5,15,14,13,2,11,10.0,6.0,24.0,5.0,0,1.0,2,0.5,10,0.5,14.0,0.5,19.0,0.5,5,0.0035809825898847915,23,0.0019181198349647992,24,0.001681388288072681,30.0,0.0014116885874170082,2.0,0.0011152449826679187,0,3,2.0,0.0,10.0,0.0,14.0,0.0,19.0,0.0
1,0,5,15,14,13,2,11,10.0,6.0,24.0,5.0,0,1.0,2,0.5,10,0.5,14.0,0.5,19.0,0.5,5,0.0035809825898847915,23,0.0019181198349647992,24,0.001681388288072681,30.0,0.0014116885874170082,2.0,0.0011152449826679187,0,3,2.0,0.0,10.0,0.0,14.0,0.0,19.0,0.0
2,0,5,15,14,13,2,11,10.0,6.0,24.0,5.0,0,1.0,2,0.5,10,0.5,14.0,0.5,19.0,0.5,5,0.0035809825898847915,23,0.0019181198349647992,24,0.001681388288072681,30.0,0.0014116885874170082,2.0,0.0011152449826679187,0,3,2.0,0.0,10.0,0.0,14.0,0.0,19.0,0.0
0,1,14,1331,19,814,2,475,10.0,409.0,21.0,351.0,1,1.0,2,0.5,20,0.5,17.0,0.5,0.0,0.25,26,-5.16793924266632e-06,25,-8.589310977665943e-06,30,-1.397956898129717e-05,18.0,-1.4794891156484228e-05,0.0,-1.4854772781541875e-05,1,3,2.0,0.0,20.0,0.0,17.0,0.0,,
1,1,14,1331,19,814,2,475,10.0,409.0,21.0,351.0,1,1.0,2,0.5,20,0.5,17.0,0.5,0.0,0.25,26,-5.16793924266632e-06,25,-8.589310977665943e-06,30,-1.397956898129717e-05,18.0,-1.4794891156484228e-05,0.0,-1.4854772781541875e-05,1,3,2.0,0.0,20.0,0.0,17.0,0.0,,
2,1,14,1331,19,814,2,475,10.0,409.0,21.0,351.0,1,1.0,2,0.5,20,0.5,17.0,0.5,0.0,0.25,26,-5.16793924266632e-06,25,-8.589310977665943e-06,30,-1.397956898129717e-05,18.0,-1.4794891156484228e-05,0.0,-1.4854772781541875e-05,1,3,2.0,0.0,20.0,0.0,17.0,0.0,,
3,1,14,1331,19,814,2,475,10.0,409.0,21.0,351.0,1,1.0,2,0.5,20,0.5,17.0,0.5,0.0,0.25,26,-5.16793924266632e-06,25,-8.589310977665943e-06,30,-1.397956898129717e-05,18.0,-1.4794891156484228e-05,0.0,-1.4854772781541875e-05,1,3,2.0,0.0,20.0,0.0,17.0,0.0,,
0,2,26,411,19,179,7,151,12.0,129.0,0.0,116.0,2,1.0,9,0.75,12,0.75,14.0,0.75,20.0,0.75,26,0.03764327224321706,30,0.028801485666251774,18,0.025696028052242383,9.0,0.02159138344631725,25.0,0.019979553864093735,19,49,0.0,24.0,2.0,24.0,11.0,12.0,30.0,12.0
1,2,26,411,19,179,7,151,12.0,129.0,0.0,116.0,2,1.0,9,0.75,12,0.75,14.0,0.75,20.0,0.75,26,0.03764327224321706,30,0.028801485666251774,18,0.025696028052242383,9.0,0.02159138344631725,25.0,0.019979553864093735,19,49,0.0,24.0,2.0,24.0,11.0,12.0,30.0,12.0
2,2,26,411,19,179,7,151,12.0,129.0,0.0,116.0,2,1.0,9,0.75,12,0.75,14.0,0.75,20.0,0.75,26,0.03764327224321706,30,0.028801485666251774,18,0.025696028052242383,9.0,0.02159138344631725,25.0,0.019979553864093735,19,49,0.0,24.0,2.0,24.0,11.0,12.0,30.0,12.0
3,2,26,411,19,179,7,151,12.0,129.0,0.0,116.0,2,1.0,9,0.75,12,0.75,14.0,0.75,20.0,0.75,26,0.03764327224321706,30,0.028801485666251774,18,0.025696028052242383,9.0,0.02159138344631725,25.0,0.019979553864093735,19,49,0.0,24.0,2.0,24.0,11.0,12.0,30.0,12.0
0,3,14,1331,19,814,2,475,10.0,409.0,21.0,351.0,3,1.0,1,0.5,2,0.5,5.0,0.5,7.0,0.5,26,-5.16793924266632e-06,25,-8.589310977665943e-06,30,-1.397956898129717e-05,18.0,-1.4794891156484228e-05,0.0,-1.4854772781541875e-05,3,3,1.0,1.0,2.0,1.0,5.0,0.0,7.0,0.0
1,3,14,1331,19,814,2,475,10.0,409.0,21.0,351.0,3,1.0,1,0.5,2,0.5,5.0,0.5,7.0,0.5,26,-5.16793924266632e-06,25,-8.589310977665943e-06,30,-1.397956898129717e-05,18.0,-1.4794891156484228e-05,0.0,-1.4854772781541875e-05,3,3,1.0,1.0,2.0,1.0,5.0,0.0,7.0,0.0
2,3,14,1331,19,814,2,475,10.0,409.0,21.0,351.0,3,1.0,1,0.5,2,0.5,5.0,0.5,7.0,0.5,26,-5.16793924266632e-06,25,-8.589310977665943e-06,30,-1.397956898129717e-05,18.0,-1.4794891156484228e-05,0.0,-1.4854772781541875e-05,3,3,1.0,1.0,2.0,1.0,5.0,0.0,7.0,0.0
3,3,14,1331,19,814,2,475,10.0,409.0,21.0,351.0,3,1.0,1,0.5,2,0.5,5.0,0.5,7.0,0.5,26,-5.16793924266632e-06,25,-8.589310977665943e-06,30,-1.397956898129717e-05,18.0,-1.4794891156484228e-05,0.0,-1.4854772781541875e-05,3,3,1.0,1.0,2.0,1.0,5.0,0.0,7.0,0.0
0,4,26,67,14,48,21,23,27.0,13.0,2.0,11.0,4,1.0,7,1.0,12,1.0,1.0,0.75,2.0,0.75,6,0.02270699922599735,27,0.021054063252928423,26,0.0067559646560242685,22.0,0.00670836220788348,25.0,0.005279150552408971,7,11,6.0,8.0,27.0,8.0,5.0,7.0,4.0,3.0
1,4,26,67,14,48,21,23,27.0,13.0,2.0,11.0,4,1.0,7,1.0,12,1.0,1.0,0.75,2.0,0.75,6,0.02270699922599735,27,0.021054063252928423,26,0.0067559646560242685,22.0,0.00670836220788348,25.0,0.005279150552408971,7,11,6.0,8.0,27.0,8.0,5.0,7.0,4.0,3.0
2,4,26,67,14,48,21,23,27.0,13.0,2.0,11.0,4,1.0,7,1.0,12,1.0,1.0,0.75,2.0,0.75,6,0.02270699922599735,27,0.021054063252928423,26,0.0067559646560242685,22.0,0.00670836220788348,25.0,0.005279150552408971,7,11,6.0,8.0,27.0,8.0,5.0,7.0,4.0,3.0
3,4,26,67,14,48,21,23,27.0,13.0,2.0,11.0,4,1.0,7,1.0,12,1.0,1.0,0.75,2.0,0.75,6,0.02270699922599735,27,0.021054063252928423,26,0.0067559646560242685,22.0,0.00670836220788348,25.0,0.005279150552408971,7,11,6.0,8.0,27.0,8.0,5.0,7.0,4.0,3.0
0,5,14,2418,26,1142,19,1029,21.0,458.0,10.0,436.0,1,1.0,2,1.0,5,1.0,7.0,1.0,12.0,1.0,15,0.024214812953229418,6,0.00711466153780452,5,0.0068310140472954035,28.0,0.0021862370723348627,2.0,0.001813142083869496,2,14,5.0,13.0,12.0,7.0,13.0,4.0,23.0,4.0
1,5,14,2418,26,1142,19,1029,21.0,458.0,10.0,436.0,1,1.0,2,1.0,5,1.0,7.0,1.0,12.0,1.0,15,0.024214812953229418,6,0.00711466153780452,5,0.0068310140472954035,28.0,0.0021862370723348627,2.0,0.001813142083869496,2,14,5.0,13.0,12.0,7.0,13.0,4.0,23.0,4.0
2,5,14,2418,26,1142,19,1029,21.0,458.0,10.0,436.0,1,1.0,2,1.0,5,1.0,7.0,1.0,12.0,1.0,15,0.024214812953229418,6,0.00711466153780452,5,0.0068310140472954035,28.0,0.0021862370723348627,2.0,0.001813142083869496,2,14,5.0,13.0,12.0,7.0,13.0,4.0,23.0,4.0
3,5,14,2418,26,1142,19,1029,21.0,458.0,10.0,436.0,1,1.0,2,1.0,5,1.0,7.0,1.0,12.0,1.0,15,0.024214812953229418,6,0.00711466153780452,5,0.0068310140472954035,28.0,0.0021862370723348627,2.0,0.001813142083869496,2,14,5.0,13.0,12.0,7.0,13.0,4.0,23.0,4.0
0,6,12,4,14,4,17,4,5.0,3.0,21.0,3.0,6,1.0,2,0.75,12,0.75,0.0,0.5,1.0,0.5,6,0.005637671669890138,17,0.003630701001765626,3,0.0022139844209690014,7.0,0.0017998491014130885,12.0,0.0016372878801776745,6,3,0.0,0.0,1.0,0.0,2.0,0.0,3.0,0.0
1,6,12,4,14,4,17,4,5.0,3.0,21.0,3.0,6,1.0,2,0.75,12,0.75,0.0,0.5,1.0,0.5,6,0.005637671669890138,17,0.003630701001765626,3,0.0022139844209690014,7.0,0.0017998491014130885,12.0,0.0016372878801776745,6,3,0.0,0.0,1.0,0.0,2.0,0.0,3.0,0.0
2,6,12,4,14,4,17,4,5.0,3.0,21.0,3.0,6,1.0,2,0.75,12,0.75,0.0,0.5,1.0,0.5,6,0.005637671669890138,17,0.003630701001765626,3,0.0022139844209690014,7.0,0.0017998491014130885,12.0,0.0016372878801776745,6,3,0.0,0.0,1.0,0.0,2.0,0.0,3.0,0.0
3,6,12,4,14,4,17,4,5.0,3.0,21.0,3.0,6,1.0,2,0.75,12,0.75,0.0,0.5,1.0,0.5,6,0.005637671669890138,17,0.003630701001765626,3,0.0022139844209690014,7.0,0.0017998491014130885,12.0,0.0016372878801776745,6,3,0.0,0.0,1.0,0.0,2.0,0.0,3.0,0.0
0,7,20,4,19,3,7,2,12.0,2.0,14.0,2.0,7,1.0,12,0.5,14,0.5,10.0,0.25,11.0,0.25,23,0.0018198116831589098,20,0.0013756216341384911,7,0.0013556249400602301,11.0,0.0007673731904324981,12.0,0.0006165928806711076,7,3,12.0,0.0,14.0,0.0,,,,
1,7,20,4,19,3,7,2,12.0,2.0,14.0,2.0,7,1.0,12,0.5,14,0.5,10.0,0.25,11.0,0.25,23,0.0018198116831589098,20,0.0013756216341384911,7,0.0013556249400602301,11.0,0.0007673731904324981,12.0,0.0006165928806711076,7,3,12.0,0.0,14.0,0.0,,,,
2,7,20,4,19,3,7,2,12.0,2.0,14.0,2.0,7,1.0,12,0.5,14,0.5,10.0,0.25,11.0,0.25,23,0.0018198116831589098,20,0.0013756216341384911,7,0.0013556249400602301,11.0,0.0007673731904324981,12.0,0.0006165928806711076,7,3,12.0,0.0,14.0,0.0,,,,
0,8,12,7,2,6,20,6,1.0,5.0,7.0,5.0,1,1.0,8,1.0,2,0.75,5.0,0.75,12.0,0.75,16,0.0029088391397317213,8,0.002211190728170048,7,0.0019892225969275253,1.0,0.0015698496944583891,25.0,0.0013784064630500102,8,3,0.0,0.0,1.0,0.0,2.0,0.0,5.0,0.0
1,8,12,7,2,6,20,6,1.0,5.0,7.0,5.0,1,1.0,8,1.0,2,0.75,5.0,0.75,12.0,0.75,16,0.0029088391397317213,8,0.002211190728170048,7,0.0019892225969275253,1.0,0.0015698496944583891,25.0,0.0013784064630500102,8,3,0.0,0.0,1.0,0.0,2.0,0.0,5.0,0.0
2,8,12,7,2,6,20,6,1.0,5.0,7.0,5.0,1,1.0,8,1.0,2,0.75,5.0,0.75,12.0,0.75,16,0.0029088391397317213,8,0.002211190728170048,7,0.0019892225969275253,1.0,0.0015698496944583891,25.0,0.0013784064630500102,8,3,0.0,0.0,1.0,0.0,2.0,0.0,5.0,0.0
0,9,14,729,26,258,10,179,19.0,152.0,21.0,129.0,9,1.0,10,1.0,11,1.0,14.0,1.0,19.0,1.0,26,0.0026121508375969893,14,0.0024828889132693377,25,0.0024736417814265528,29.0,0.002001837260615669,11.0,0.001986686797636347,14,249,19.0,35.0,9.0,19.0,10.0,12.0,21.0,8.0
1,9,14,729,26,258,10,179,19.0,152.0,21.0,129.0,9,1.0,10,1.0,11,1.0,14.0,1.0,19.0,1.0,26,0.0026121508375969893,14,0.0024828889132693377,25,0.0024736417814265528,29.0,0.002001837260615669,11.0,0.001986686797636347,14,249,19.0,35.0,9.0,19.0,10.0,12.0,21.0,8.0
2,9,14,729,26,258,10,179,19.0,152.0,21.0,129.0,9,1.0,10,1.0,11,1.0,14.0,1.0,19.0,1.0,26,0.0026121508375969893,14,0.0024828889132693377,25,0.0024736417814265528,29.0,0.002001837260615669,11.0,0.001986686797636347,14,249,19.0,35.0,9.0,19.0,10.0,12.0,21.0,8.0
0,10,10,81,16,43,27,33,18.0,24.0,22.0,22.0,9,1.0,10,1.0,19,1.0,1.0,0.75,2.0,0.75,10,0.00911985871491844,15,0.0025599710870731233,21,0.001866547224761999,9.0,0.0018083238709841317,13.0,0.0016153323095553656,10,22,19.0,6.0,11.0,3.0,14.0,3.0,24.0,3.0
1,10,10,81,16,43,27,33,18.0,24.0,22.0,22.0,9,1.0,10,1.0,19,1.0,1.0,0.75,2.0,0.75,10,0.00911985871491844,15,0.0025599710870731233,21,0.001866547224761999,9.0,0.0018083238709841317,13.0,0.0016153323095553656,10,22,19.0,6.0,11.0,3.0,14.0,3.0,24.0,3.0
2,10,10,81,16,43,27,33,18.0,24.0,22.0,22.0,9,1.0,10,1.0,19,1.0,1.0,0.75,2.0,0.75,10,0.00911985871491844,15,0.0025599710870731233,21,0.001866547224761999,9.0,0.0018083238709841317,13.0,0.0016153323095553656,10,22,19.0,6.0,11.0,3.0,14.0,3.0,24.0,3.0
0,11,14,1331,19,814,2,475,10.0,409.0,21.0,351.0,11,1.0,0,0.25,1,0.25,2.0,0.25,3.0,0.25,11,0.0011266985434787687,26,-5.16793924266632e-06,25,-8.589310977665943e-06,30.0,-1.397956898129717e-05,18.0,-1.4794891156484228e-05,11,23,,,,,,,,
1,11,14,1331,19,814,2,475,10.0,409.0,21.0,351.0,11,1.0,0,0.25,1,0.25,2.0,0.25,3.0,0.25,11,0.0011266985434787687,26,-5.16793924266632e-06,25,-8.589310977665943e-06,30.0,-1.397956898129717e-05,18.0,-1.4794891156484228e-05,11,23,,,,,,,,
2,11,14,1331,19,814,2,475,10.0,409.0,21.0,351.0,11,1.0,0,0.25,1,0.25,2.0,0.25,3.0,0.25,11,0.0011266985434787687,26,-5.16793924266632e-06,25,-8.589310977665943e-06,30.0,-1.397956898129717e-05,18.0,-1.4794891156484228e-05,11,23,,,,,,,,
0,12,26,411,2,407,5,248,19.0,179.0,7.0,151.0,12,1.0,14,1.0,2,0.75,10.0,0.75,20.0,0.75,26,0.03764327224321706,30,0.028801485666251774,2,0.028523542715727684,18.0,0.025696028052242383,9.0,0.02159138344631725,2,258,12.0,102.0,9.0,52.0,30.0,51.0,19.0,49.0
1,12,26,411,2,407,5,248,19.0,179.0,7.0,151.0,12,1.0,14,1.0,2,0.75,10.0,0.75,20.0,0.75,26,0.03764327224321706,30,0.028801485666251774,2,0.028523542715727684,18.0,0.025696028052242383,9.0,0.02159138344631725,2,258,12.0,102.0,9.0,52.0,30.0,51.0,19.0,49.0
2,12,26,411,2,407,5,248,19.0,179.0,7.0,151.0,12,1.0,14,1.0,2,0.75,10.0,0.75,20.0,0.75,26,0.03764327224321706,30,0.028801485666251774,2,0.028523542715727684,18.0,0.025696028052242383,9.0,0.02159138344631725,2,258,12.0,102.0,9.0,52.0,30.0,51.0,19.0,49.0
0,13,26,1142,0,385,5,304,24.0,161.0,30.0,122.0,13,1.0,1,0.75,2,0.75,7.0,0.75,9.0,0.75,13,0.001953790514480272,1,0.0017190819137147847,2,0.0011128666662347931,28.0,0.0008386650941248474,12.0,0.0007926305829702899,2,4,13.0,3.0,1.0,2.0,12.0,2.0,20.0,1.0
1,13,26,1142,0,385,5,304,24.0,161.0,30.0,122.0,13,1.0,1,0.75,2,0.75,7.0,0.75,9.0,0.75,13,0.001953790514480272,1,0.0017190819137147847,2,0.0011128666662347931,28.0,0.0008386650941248474,12.0,0.0007926305829702899,2,4,13.0,3.0,1.0,2.0,12.0,2.0,20.0,1.0
2,13,26,1142,0,385,5,304,24.0,161.0,30.0,122.0,13,1.0,1,0.75,2,0.75,7.0,0.75,9.0,0.75,13,0.001953790514480272,1,0.0017190819137147847,2,0.0011128666662347931,28.0,0.0008386650941248474,12.0,0.0007926305829702899,2,4,13.0,3.0,1.0,2.0,12.0,2.0,20.0,1.0
0,14,10,44,14,19,26,14,19.0,8.0,0.0,7.0,14,1.0,9,0.75,11,0.75,21.0,0.75,0.0,0.5,10,0.009273118535767011,14,0.003339666355185194,25,0.0029144810645106794,11.0,0.0018598266060513608,0.0,0.0018406183480125888,14,4,0.0,0.0,5.0,0.0,9.0,0.0,10.0,0.0
1,14,10,44,14,19,26,14,19.0,8.0,0.0,7.0,14,1.0,9,0.75,11,0.75,21.0,0.75,0.0,0.5,10,0.009273118535767011,14,0.003339666355185194,25,0.0029144810645106794,11.0,0.0018598266060513608,0.0,0.0018406183480125888,14,4,0.0,0.0,5.0,0.0,9.0,0.0,10.0,0.0
2,14,10,44,14,19,26,14,19.0,8.0,0.0,7.0,14,1.0,9,0.75,11,0.75,21.0,0.75,0.0,0.5,10,0.009273118535767011,14,0.003339666355185194,25,0.0029144810645106794,11.0,0.0018598266060513608,0.0,0.0018406183480125888,14,4,0.0,0.0,5.0,0.0,9.0,0.0,10.0,0.0
0,15,15,20,23,17,14,15,1.0,10.0,2.0,9.0,12,1.0,15,1.0,1,0.75,2.0,0.75,17.0,0.75,15,0.02120674148654315,23,0.014150842702272673,16,0.007756904372617922,17.0,0.004973283832044176,1.0,0.0031396993889167783,15,8,17.0,1.0,1.0,0.0,2.0,0.0,4.0,0.0
1,15,15,20,23,17,14,15,1.0,10.0,2.0,9.0,12,1.0,15,1.0,1,0.75,2.0,0.75,17.0,0.75,15,0.02120674148654315,23,0.014150842702272673,16,0.007756904372617922,17.0,0.004973283832044176,1.0,0.0031396993889167783,15,8,17.0,1.0,1.0,0.0,2.0,0.0,4.0,0.0
2,15,15,20,23,17,14,15,1.0,10.0,2.0,9.0,12,1.0,15,1.0,1,0.75,2.0,0.75,17.0,0.75,15,0.02120674148654315,23,0.014150842702272673,16,0.007756904372617922,17.0,0.004973283832044176,1.0,0.0031396993889167783,15,8,17.0,1.0,1.0,0.0,2.0,0.0,4.0,0.0
0,16,14,1331,19,814,2,475,10.0,409.0,21.0,351.0,7,0.75,16,0.75,2,0.5,3.0,0.5,5.0,0.5,22,0.010381705396785117,7,0.007853193495428786,16,0.005468438404188952,26.0,0.0006242014232158303,25.0,-8.589310977665943e-06,15,7,26.0,6.0,2.0,5.0,16.0,4.0,5.0,2.0
1,16,14,1331,19,814,2,475,10.0,409.0,21.0,351.0,7,0.75,16,0.75,2,0.5,3.0,0.5,5.0,0.5,22,0.010381705396785117,7,0.007853193495428786,16,0.005468438404188952,26.0,0.0006242014232158303,25.0,-8.589310977665943e-06,15,7,26.0,6.0,2.0,5.0,16.0,4.0,5.0,2.0
2,16,14,1331,19,814,2,475,10.0,409.0,21.0,351.0,7,0.75,16,0.75,2,0.5,3.0,0.5,5.0,0.5,22,0.010381705396785117,7,0.007853193495428786,16,0.005468438404188952,26.0,0.0006242014232158303,25.0,-8.589310977665943e-06,15,7,26.0,6.0,2.0,5.0,16.0,4.0,5.0,2.0
0,17,14,1331,19,814,2,475,10.0,409.0,21.0,351.0,17,1.0,2,0.5,5,0.5,9.0,0.5,10.0,0.5,26,-5.16793924266632e-06,25,-8.589310977665943e-06,30,-1.397956898129717e-05,18.0,-1.4794891156484228e-05,0.0,-1.4854772781541875e-05,17,3,22.0,2.0,2.0,0.0,5.0,0.0,9.0,0.0
1,17,14,1331,19,814,2,475,10.0,409.0,21.0,351.0,17,1.0,2,0.5,5,0.5,9.0,0.5,10.0,0.5,26,-5.16793924266632e-06,25,-8.589310977665943e-06,30,-1.397956898129717e-05,18.0,-1.4794891156484228e-05,0.0,-1.4854772781541875e-05,17,3,22.0,2.0,2.0,0.0,5.0,0.0,9.0,0.0
2,17,14,1331,19,814,2,475,10.0,409.0,21.0,351.0,17,1.0,2,0.5,5,0.5,9.0,0.5,10.0,0.5,26,-5.16793924266632e-06,25,-8.589310977665943e-06,30,-1.397956898129717e-05,18.0,-1.4794891156484228e-05,0.0,-1.4854772781541875e-05,17,3,22.0,2.0,2.0,0.0,5.0,0.0,9.0,0.0
0,18,29,7,22,6,14,4,24.0,3.0,18.0,2.0,18,1.0,1,0.5,2,0.5,19.0,0.5,21.0,0.5,22,0.024983184608193352,18,0.02094212155126592,29,0.01649990975799743,28.0,0.0028580706302109363,3.0,0.0018263109897501731,18,4,1.0,0.0,2.0,0.0,19.0,0.0,21.0,0.0
1,18,29,7,22,6,14,4,24.0,3.0,18.0,2.0,18,1.0,1,0.5,2,0.5,19.0,0.5,21.0,0.5,22,0.024983184608193352,18,0.02094212155126592,29,0.01649990975799743,28.0,0.0028580706302109363,3.0,0.0018263109897501731,18,4,1.0,0.0,2.0,0.0,19.0,0.0,21.0,0.0
2,18,29,7,22,6,14,4,24.0,3.0,18.0,2.0,18,1.0,1,0.5,2,0.5,19.0,0.5,21.0,0.5,22,0.024983184608193352,18,0.02094212155126592,29,0.01649990975799743,28.0,0.0028580706302109363,3.0,0.0018263109897501731,18,4,1.0,0.0,2.0,0.0,19.0,0.0,21.0,0.0
0,19,26,258,25,28,19,21,14.0,16.0,30.0,13.0,19,1.0,1,0.75,2,0.75,3.0,0.75,7.0,0.75,19,0.007418216686915459,6,0.005121276639825975,29,0.0034233441557596144,26.0,0.0026121508375969893,25.0,0.0024736417814265528,19,3,0.0,0.0,1.0,0.0,2.0,0.0,3.0,0.0
1,19,26,258,25,28,19,21,14.0,16.0,30.0,13.0,19,1.0,1,0.75,2,0.75,3.0,0.75,7.0,0.75,19,0.007418216686915459,6,0.005121276639825975,29,0.0034233441557596144,26.0,0.0026121508375969893,25.0,0.0024736417814265528,19,3,0.0,0.0,1.0,0.0,2.0,0.0,3.0,0.0
2,19,26,258,25,28,19,21,14.0,16.0,30.0,13.0,19,1.0,1,0.75,2,0.75,3.0,0.75,7.0,0.75,19,0.007418216686915459,6,0.005121276639825975,29,0.0034233441557596144,26.0,0.0026121508375969893,25.0,0.0024736417814265528,19,3,0.0,0.0,1.0,0.0,2.0,0.0,3.0,0.0
0,20,14,1331,19,814,2,475,10.0,409.0,21.0,351.0,20,1.0,0,0.75,1,0.75,2.0,0.75,3.0,0.75,20,0.0009529743594856604,26,-5.16793924266632e-06,25,-8.589310977665943e-06,30.0,-1.397956898129717e-05,18.0,-1.4794891156484228e-05,19,57,14.0,21.0,20.0,20.0,12.0,11.0,10.0,10.0
1,20,14,1331,19,814,2,475,10.0,409.0,21.0,351.0,20,1.0,0,0.75,1,0.75,2.0,0.75,3.0,0.75,20,0.0009529743594856604,26,-5.16793924266632e-06,25,-8.589310977665943e-06,30.0,-1.397956898129717e-05,18.0,-1.4794891156484228e-05,19,57,14.0,21.0,20.0,20.0,12.0,11.0,10.0,10.0
2,20,14,1331,19,814,2,475,10.0,409.0,21.0,351.0,20,1.0,0,0.75,1,0.75,2.0,0.75,3.0,0.75,20,0.0009529743594856604,26,-5.16793924266632e-06,25,-8.589310977665943e-06,30.0,-1.397956898129717e-05,18.0,-1.4794891156484228e-05,19,57,14.0,21.0,20.0,20.0,12.0,11.0,10.0,10.0
0,21,7,151,1,140,23,79,15.0,66.0,29.0,61.0,9,1.0,10,1.0,14,1.0,19.0,1.0,21.0,1.0,25,0.0045581282768224485,0,0.0017062876761507618,26,0.0015671391740700407,18.0,0.0014954802690666923,22.0,0.0012411727106213409,21,16,2.0,7.0,5.0,7.0,10.0,7.0,19.0,7.0
1,21,7,151,1,140,23,79,15.0,66.0,29.0,61.0,9,1.0,10,1.0,14,1.0,19.0,1.0,21.0,1.0,25,0.0045581282768224485,0,0.0017062876761507618,26,0.0015671391740700407,18.0,0.0014954802690666923,22.0,0.0012411727106213409,21,16,2.0,7.0,5.0,7.0,10.0,7.0,19.0,7.0
2,21,7,151,1,140,23,79,15.0,66.0,29.0,61.0,9,1.0,10,1.0,14,1.0,19.0,1.0,21.0,1.0,25,0.0045581282768224485,0,0.0017062876761507618,26,0.0015671391740700407,18.0,0.0014954802690666923,22.0,0.0012411727106213409,21,16,2.0,7.0,5.0,7.0,10.0,7.0,19.0,7.0
0,22,22,36,3,23,24,21,0.0,20.0,2.0,20.0,2,0.5,8,0.5,10,0.5,11.0,0.5,14.0,0.5,22,0.03129353076671049,3,0.010630603381613828,27,0.006715496253858351,6.0,0.004707770569715133,0.0,0.004411479731999321,22,69,24.0,8.0,18.0,6.0,7.0,3.0,3.0,2.0
1,22,22,36,3,23,24,21,0.0,20.0,2.0,20.0,2,0.5,8,0.5,10,0.5,11.0,0.5,14.0,0.5,22,0.03129353076671049,3,0.010630603381613828,27,0.006715496253858351,6.0,0.004707770569715133,0.0,0.004411479731999321,22,69,24.0,8.0,18.0,6.0,7.0,3.0,3.0,2.0
2,22,22,36,3,23,24,21,0.0,20.0,2.0,20.0,2,0.5,8,0.5,10,0.5,11.0,0.5,14.0,0.5,22,0.03129353076671049,3,0.010630603381613828,27,0.006715496253858351,6.0,0.004707770569715133,0.0,0.004411479731999321,22,69,24.0,8.0,18.0,6.0,7.0,3.0,3.0,2.0
0,23,28,5,2,4,19,2,20.0,2.0,12.0,2.0,23,1.0,0,0.5,2,0.5,20.0,0.5,5.0,0.25,28,0.008661892586790022,23,0.002014618911939736,20,0.0015228791997852278,12.0,0.0008186439400888373,2.0,0.0007662599046884774,23,3,0.0,0.0,2.0,0.0,20.0,0.0,,
1,23,28,5,2,4,19,2,20.0,2.0,12.0,2.0,23,1.0,0,0.5,2,0.5,20.0,0.5,5.0,0.25,28,0.008661892586790022,23,0.002014618911939736,20,0.0015228791997852278,12.0,0.0008186439400888373,2.0,0.0007662599046884774,23,3,0.0,0.0,2.0,0.0,20.0,0.0,,
2,23,28,5,2,4,19,2,20.0,2.0,12.0,2.0,23,1.0,0,0.5,2,0.5,20.0,0.5,5.0,0.25,28,0.008661892586790022,23,0.002014618911939736,20,0.0015228791997852278,12.0,0.0008186439400888373,2.0,0.0007662599046884774,23,3,0.0,0.0,2.0,0.0,20.0,0.0,,
0,24,26,411,2,407,5,248,19.0,179.0,7.0,151.0,0,1.0,11,1.0,14,1.0,19.0,1.0,24.0,1.0,26,0.03764327224321706,30,0.028801485666251774,2,0.028523542715727684,18.0,0.025696028052242383,9.0,0.02159138344631725,2,260,12.0,103.0,19.0,57.0,30.0,56.0,9.0,49.0
1,24,26,411,2,407,5,248,19.0,179.0,7.0,151.0,0,1.0,11,1.0,14,1.0,19.0,1.0,24.0,1.0,26,0.03764327224321706,30,0.028801485666251774,2,0.028523542715727684,18.0,0.025696028052242383,9.0,0.02159138344631725,2,260,12.0,103.0,19.0,57.0,30.0,56.0,9.0,49.0
2,24,26,411,2,407,5,248,19.0,179.0,7.0,151.0,0,1.0,11,1.0,14,1.0,19.0,1.0,24.0,1.0,26,0.03764327224321706,30,0.028801485666251774,2,0.028523542715727684,18.0,0.025696028052242383,9.0,0.02159138344631725,2,260,12.0,103.0,19.0,57.0,30.0,56.0,9.0,49.0
0,25,5,304,7,103,29,77,13.0,74.0,28.0,69.0,0,1.0,2,1.0,9,1.0,10.0,1.0,11.0,1.0,25,0.0040802734903149515,10,0.0038475777523602566,18,0.0026774009534526245,22.0,0.002222106882687838,26.0,0.0017368581494166192,26,302,19.0,21.0,25.0,21.0,0.0,18.0,2.0,17.0
1,25,5,304,7,103,29,77,13.0,74.0,28.0,69.0,0,1.0,2,1.0,9,1.0,10.0,1.0,11.0,1.0,25,0.0040802734903149515,10,0.0038475777523602566,18,0.0026774009534526245,22.0,0.002222106882687838,26.0,0.0017368581494166192,26,302,19.0,21.0,25.0,21.0,0.0,18.0,2.0,17.0
2,25,5,304,7,103,29,77,13.0,74.0,28.0,69.0,0,1.0,2,1.0,9,1.0,10.0,1.0,11.0,1.0,25,0.0040802734903149515,10,0.0038475777523602566,18,0.0026774009534526245,22.0,0.002222106882687838,26.0,0.0017368581494166192,26,302,19.0,21.0,25.0,21.0,0.0,18.0,2.0,17.0
0,26,14,2418,19,1029,21,458,0.0,385.0,5.0,304.0,2,1.0,26,1.0,9,0.75,10.0,0.75,28.0,0.75,28,0.004925125925500236,25,0.004853665218078224,10,0.0036171984762457077,9.0,0.0024898241658311104,26.0,0.0017793736652864044,26,11,25.0,4.0,2.0,1.0,7.0,1.0,10.0,1.0
1,26,14,2418,19,1029,21,458,0.0,385.0,5.0,304.0,2,1.0,26,1.0,9,0.75,10.0,0.75,28.0,0.75,28,0.004925125925500236,25,0.004853665218078224,10,0.0036171984762457077,9.0,0.0024898241658311104,26.0,0.0017793736652864044,26,11,25.0,4.0,2.0,1.0,7.0,1.0,10.0,1.0
2,26,14,2418,19,1029,21,458,0.0,385.0,5.0,304.0,2,1.0,26,1.0,9,0.75,10.0,0.75,28.0,0.75,28,0.004925125925500236,25,0.004853665218078224,10,0.0036171984762457077,9.0,0.0024898241658311104,26.0,0.0017793736652864044,26,11,25.0,4.0,2.0,1.0,7.0,1.0,10.0,1.0
0,27,5,154,7,78,2,38,10.0,29.0,27.0,22.0,1,1.0,2,1.0,4,1.0,5.0,1.0,8.0,1.0,27,0.046818421723372826,6,0.041772387517011185,7,0.037150288059757064,8.0,0.03706025843734834,5.0,0.036764754589483854,7,3,27.0,3.0,5.0,2.0,2.0,1.0,8.0,1.0
1,27,5,154,7,78,2,38,10.0,29.0,27.0,22.0,1,1.0,2,1.0,4,1.0,5.0,1.0,8.0,1.0,27,0.046818421723372826,6,0.041772387517011185,7,0.037150288059757064,8.0,0.03706025843734834,5.0,0.036764754589483854,7,3,27.0,3.0,5.0,2.0,2.0,1.0,8.0,1.0
2,27,5,154,7,78,2,38,10.0,29.0,27.0,22.0,1,1.0,2,1.0,4,1.0,5.0,1.0,8.0,1.0,27,0.046818421723372826,6,0.041772387517011185,7,0.037150288059757064,8.0,0.03706025843734834,5.0,0.036764754589483854,7,3,27.0,3.0,5.0,2.0,2.0,1.0,8.0,1.0
0,28,19,814,10,409,21,351,12.0,214.0,0.0,198.0,1,1.0,2,1.0,13,1.0,28.0,1.0,5.0,0.75,1,0.0035850502294391606,28,0.003279355608502295,3,0.0013970084396093894,13.0,0.001273288134994536,11.0,0.0006812657148736806,1,5,12.0,4.0,13.0,4.0,28.0,4.0,3.0,3.0
1,28,19,814,10,409,21,351,12.0,214.0,0.0,198.0,1,1.0,2,1.0,13,1.0,28.0,1.0,5.0,0.75,1,0.0035850502294391606,28,0.003279355608502295,3,0.0013970084396093894,13.0,0.001273288134994536,11.0,0.0006812657148736806,1,5,12.0,4.0,13.0,4.0,28.0,4.0,3.0,3.0
2,28,19,814,10,409,21,351,12.0,214.0,0.0,198.0,1,1.0,2,1.0,13,1.0,28.0,1.0,5.0,0.75,1,0.0035850502294391606,28,0.003279355608502295,3,0.0013970084396093894,13.0,0.001273288134994536,11.0,0.0006812657148736806,1,5,12.0,4.0,13.0,4.0,28.0,4.0,3.0,3.0
0,29,14,2418,26,1142,19,1029,2.0,446.0,10.0,436.0,21,1.0,29,1.0,0,0.5,1.0,0.5,2.0,0.5,29,0.010051927266053284,22,0.005918901334325791,21,0.0013701804498968048,15.0,-6.601463130056997e-06,6.0,-1.2191803777748856e-05,21,5,29.0,4.0,0.0,1.0,1.0,1.0,7.0,1.0
1,29,14,2418,26,1142,19,1029,2.0,446.0,10.0,436.0,21,1.0,29,1.0,0,0.5,1.0,0.5,2.0,0.5,29,0.010051927266053284,22,0.005918901334325791,21,0.0013701804498968048,15.0,-6.601463130056997e-06,6.0,-1.2191803777748856e-05,21,5,29.0,4.0,0.0,1.0,1.0,1.0,7.0,1.0
2,29,14,2418,26,1142,19,1029,2.0,446.0,10.0,436.0,21,1.0,29,1.0,0,0.5,1.0,0.5,2.0,0.5,29,0.010051927266053284,22,0.005918901334325791,21,0.0013701804498968048,15.0,-6.601463130056997e-06,6.0,-1.2191803777748856e-05,21,5,29.0,4.0,0.0,1.0,1.0,1.0,7.0,1.0
0,30,10,8,19,8,26,8,2.0,7.0,0.0,4.0,30,1.0,2,0.75,11,0.75,5.0,0.5,16.0,0.5,18,0.0026774009534526245,25,0.0017486886387064078,22,0.001111053441343919,26.0,0.001059995619668222,10.0,0.0009847109860626395,30,3,0.0,0.0,2.0,0.0,5.0,0.0,9.0,0.0
1,30,10,8,19,8,26,8,2.0,7.0,0.0,4.0,30,1.0,2,0.75,11,0.75,5.0,0.5,16.0,0.5,18,0.0026774009534526245,25,0.0017486886387064078,22,0.001111053441343919,26.0,0.001059995619668222,10.0,0.0009847109860626395,30,3,0.0,0.0,2.0,0.0,5.0,0.0,9.0,0.0
2,30,10,8,19,8,26,8,2.0,7.0,0.0,4.0,30,1.0,2,0.75,11,0.75,5.0,0.5,16.0,0.5,18,0.0026774009534526245,25,0.0017486886387064078,22,0.001111053441343919,26.0,0.001059995619668222,10.0,0.0009847109860626395,30,3,0.0,0.0,2.0,0.0,5.0,0.0,9.0,0.0
0,0,14,129,19,12,9,9,0.0,8.0,10.0,5.0,0,1.0,9,0.5,10,0.5,11.0,0.5,14.0,0.5,14,0.009844855541251824,9,0.006092825833764949,0,0.0027665029140519146,19.0,0.0018404822079091893,10.0,0.001053763469973524,0,1,,,,,,,,
1,0,14,129,19,12,9,9,0.0,8.0,10.0,5.0,0,1.0,9,0.5,10,0.5,11.0,0.5,14.0,0.5,14,0.009844855541251824,9,0.006092825833764949,0,0.0027665029140519146,19.0,0.0018404822079091893,10.0,0.001053763469973524,0,1,,,,,,,,
2,0,14,129,19,12,9,9,0.0,8.0,10.0,5.0,0,1.0,9,0.5,10,0.5,11.0,0.5,14.0,0.5,14,0.009844855541251824,9,0.006092825833764949,0,0.0027665029140519146,19.0,0.0018404822079091893,10.0,0.001053763469973524,0,1,,,,,,,,
0,1,17,6,1,1,4,1,5.0,1.0,12.0,1.0,1,1.0,12,1.0,13,1.0,4.0,0.5,5.0,0.5,17,0.014024200890285724,4,0.004755253495472551,13,0.0025156161908569106,1.0,0.0008853662178210685,24.0,0.0006353843748791751,1,1,13.0,1.0,12.0,0.0,,,,
1,1,17,6,1,1,4,1,5.0,1.0,12.0,1.0,1,1.0,12,1.0,13,1.0,4.0,0.5,5.0,0.5,17,0.014024200890285724,4,0.004755253495472551,13,0.0025156161908569106,1.0,0.0008853662178210685,24.0,0.0006353843748791751,1,1,13.0,1.0,12.0,0.0,,,,
2,1,17,6,1,1,4,1,5.0,1.0,12.0,1.0,1,1.0,12,1.0,13,1.0,4.0,0.5,5.0,0.5,17,0.014024200890285724,4,0.004755253495472551,13,0.0025156161908569106,1.0,0.0008853662178210685,24.0,0.0006353843748791751,1,1,13.0,1.0,12.0,0.0,,,,
3,1,17,6,1,1,4,1,5.0,1.0,12.0,1.0,1,1.0,12,1.0,13,1.0,4.0,0.5,5.0,0.5,17,0.014024200890285724,4,0.004755253495472551,13,0.0025156161908569106,1.0,0.0008853662178210685,24.0,0.0006353843748791751,1,1,13.0,1.0,12.0,0.0,,,,
0,2,26,411,2,407,19,179,12.0,129.0,0.0,116.0,2,1.0,0,0.5,9,0.5,10.0,0.5,11.0,0.5,26,0.03764327224321706,30,0.028801485666251774,2,0.028523542715727684,18.0,0.025696028052242383,9.0,0.02159138344631725,2,1,,,,,,,,
1,2,26,411,2,407,19,179,12.0,129.0,0.0,116.0,2,1.0,0,0.5,9,0.5,10.0,0.5,11.0,0.5,26,0.03764327224321706,30,0.028801485666251774,2,0.028523542715727684,18.0,0.025696028052242383,9.0,0.02159138344631725,2,1,,,,,,,,
2,2,26,411,2,407,19,179,12.0,129.0,0.0,116.0,2,1.0,0,0.5,9,0.5,10.0,0.5,11.0,0.5,26,0.03764327224321706,30,0.028801485666251774,2,0.028523542715727684,18.0,0.025696028052242383,9.0,0.02159138344631725,2,1,,,,,,,,
3,2,26,411,2,407,19,179,12.0,129.0,0.0,116.0,2,1.0,0,0.5,9,0.5,10.0,0.5,11.0,0.5,26,0.03764327224321706,30,0.028801485666251774,2,0.028523542715727684,18.0,0.025696028052242383,9.0,0.02159138344631725,2,1,,,,,,,,
0,3,14,2418,26,1142,19,1029,21.0,458.0,2.0,446.0,3,1.0,10,1.0,28,1.0,30.0,1.0,0.0,0.5,3,0.008280145599865054,28,0.002159657828053504,30,0.0021106253489852097,10.0,0.00028993421649655066,15.0,-6.601463130056997e-06,3,1,30.0,1.0,10.0,0.0,28.0,0.0,,
1,3,14,2418,26,1142,19,1029,21.0,458.0,2.0,446.0,3,1.0,10,1.0,28,1.0,30.0,1.0,0.0,0.5,3,0.008280145599865054,28,0.002159657828053504,30,0.0021106253489852097,10.0,0.00028993421649655066,15.0,-6.601463130056997e-06,3,1,30.0,1.0,10.0,0.0,28.0,0.0,,
2,3,14,2418,26,1142,19,1029,21.0,458.0,2.0,446.0,3,1.0,10,1.0,28,1.0,30.0,1.0,0.0,0.5,3,0.008280145599865054,28,0.002159657828053504,30,0.0021106253489852097,10.0,0.00028993421649655066,15.0,-6.601463130056997e-06,3,1,30.0,1.0,10.0,0.0,28.0,0.0,,
3,3,14,2418,26,1142,19,1029,21.0,458.0,2.0,446.0,3,1.0,10,1.0,28,1.0,30.0,1.0,0.0,0.5,3,0.008280145599865054,28,0.002159657828053504,30,0.0021106253489852097,10.0,0.00028993421649655066,15.0,-6.601463130056997e-06,3,1,30.0,1.0,10.0,0.0,28.0,0.0,,
0,4,7,14,5,3,4,2,12.0,2.0,13.0,2.0,4,1.0,7,1.0,2,0.5,5.0,0.5,8.0,0.5,7,0.01039284158401991,4,0.007845196773361615,8,0.004125903790868532,13.0,0.003329142542201423,28.0,0.0028580706302109363,4,1,7.0,0.0,,,,,,
1,4,7,14,5,3,4,2,12.0,2.0,13.0,2.0,4,1.0,7,1.0,2,0.5,5.0,0.5,8.0,0.5,7,0.01039284158401991,4,0.007845196773361615,8,0.004125903790868532,13.0,0.003329142542201423,28.0,0.0028580706302109363,4,1,7.0,0.0,,,,,,
2,4,7,14,5,3,4,2,12.0,2.0,13.0,2.0,4,1.0,7,1.0,2,0.5,5.0,0.5,8.0,0.5,7,0.01039284158401991,4,0.007845196773361615,8,0.004125903790868532,13.0,0.003329142542201423,28.0,0.0028580706302109363,4,1,7.0,0.0,,,,,,
3,4,7,14,5,3,4,2,12.0,2.0,13.0,2.0,4,1.0,7,1.0,2,0.5,5.0,0.5,8.0,0.5,7,0.01039284158401991,4,0.007845196773361615,8,0.004125903790868532,13.0,0.003329142542201423,28.0,0.0028580706302109363,4,1,7.0,0.0,,,,,,
0,5,14,2418,26,1142,19,1029,21.0,458.0,20.0,284.0,0,1.0,2,1.0,5,1.0,10.0,1.0,16.0,1.0,10,0.0023257193874936634,16,0.0021932653154251736,23,0.0012080725006907438,5.0,0.0009021514742579215,0.0,0.000381614900194936,10,2,5.0,1.0,0.0,0.0,2.0,0.0,16.0,0.0
1,5,14,2418,26,1142,19,1029,21.0,458.0,20.0,284.0,0,1.0,2,1.0,5,1.0,10.0,1.0,16.0,1.0,10,0.0023257193874936634,16,0.0021932653154251736,23,0.0012080725006907438,5.0,0.0009021514742579215,0.0,0.000381614900194936,10,2,5.0,1.0,0.0,0.0,2.0,0.0,16.0,0.0
2,5,14,2418,26,1142,19,1029,21.0,458.0,20.0,284.0,0,1.0,2,1.0,5,1.0,10.0,1.0,16.0,1.0,10,0.0023257193874936634,16,0.0021932653154251736,23,0.0012080725006907438,5.0,0.0009021514742579215,0.0,0.000381614900194936,10,2,5.0,1.0,0.0,0.0,2.0,0.0,16.0,0.0
3,5,14,2418,26,1142,19,1029,21.0,458.0,20.0,284.0,0,1.0,2,1.0,5,1.0,10.0,1.0,16.0,1.0,10,0.0023257193874936634,16,0.0021932653154251736,23,0.0012080725006907438,5.0,0.0009021514742579215,0.0,0.000381614900194936,10,2,5.0,1.0,0.0,0.0,2.0,0.0,16.0,0.0
